"Moška imena po: IME, MERITVE , LETO"

" ";"Število";" ";" ";" ";" ";" "
" ";"2008";"2009";"2010";"2011";"2012";"2013"
"Aaron";14;16;16;18;22;22
"Abaz";22;24;30;31;29;32
"Abdija";17;16;18;18;18;18
"Abdo";5;5;6;6;5;5
"Abdula";11;9;13;12;12;12
"Abdulah";85;77;76;77;77;77
"Abdullah";5;-;5;6;8;8
"Abdurahman";12;12;14;12;12;14
"Abdurrahman";5;5;5;5;8;8
"Abedin";28;27;34;31;33;33
"Abel";11;11;13;14;15;17
"Abid";40;40;40;37;37;36
"Abidin";7;7;9;7;6;7
"Aca";14;14;13;13;13;13
"Ace";7;5;7;8;6;6
"Aco";69;68;67;64;62;68
"Adalbert";41;38;38;38;37;35
"Adam";367;391;407;426;452;480
"Adan";-;-;5;5;-;6
"Adel";69;85;88;90;92;98
"Adem";278;283;300;300;298;292
"Ademir";8;9;10;11;15;13
"Adi";83;86;91;91;90;90
"Adian";6;7;7;8;15;19
"Adijan";5;5;8;9;13;14
"Adil";97;110;112;111;111;113
"Adin";50;57;71;84;99;107
"Adis";328;344;382;386;384;388
"Admin";8;8;7;7;8;8
"Admir";466;446;497;488;485;493
"Adnan";439;448;494;509;531;531
"Adnel";-;-;5;5;6;6
"Adnen";13;13;12;12;12;12
"Ado";23;26;25;26;25;26
"Adolf";1022;994;958;933;907;878
"Adonis";5;6;5;8;7;8
"Adrian";147;169;177;195;212;230
"Adriano";39;40;47;49;52;54
"Adriatik";-;-;-;-;5;-
"Adrijan";220;225;229;230;236;234
"Adrijano";43;42;42;42;42;41
"Advan";7;6;6;7;9;10
"Afet";-;-;6;6;6;7
"Afrim";83;90;101;101;95;87
"Agan";51;47;52;53;54;53
"Agim";125;129;142;127;130;124
"Ago";23;21;22;24;23;21
"Agon";5;-;5;5;5;9
"Agron";88;91;108;98;93;88
"Ahac";26;26;28;29;30;31
"Ahmed";50;49;53;60;63;62
"Ahmedin";6;6;10;10;8;7
"Ahmet";322;313;343;331;336;333
"Ahmo";42;44;41;42;41;42
"Aid";16;16;18;19;25;28
"Aidan";5;7;7;7;7;8
"Ajan";-;7;9;10;13;19
"Ajas";11;11;12;12;13;13
"Ajdan";6;6;6;6;6;6
"Ajdin";118;137;161;180;201;232
"Ajet";32;33;37;33;32;32
"Ajhan";7;8;8;7;7;7
"Ajiz";16;16;15;14;14;14
"Ajlan";-;-;-;-;-;6
"Ajman";-;-;-;5;6;7
"Ajnur";8;8;8;9;10;17
"Aki";6;-;5;5;-;-
"Akif";23;18;21;17;15;16
"Akija";5;6;6;5;5;5
"Al";12;13;14;14;14;14
"Aladar";12;12;11;11;10;9
"Aladin";50;53;58;58;57;62
"Alaga";53;53;58;57;57;54
"Alain";36;37;37;36;38;38
"Alajdin";5;5;5;5;5;-
"Alan";508;520;531;541;545;554
"Alban";37;43;52;51;51;53
"Albert";881;875;856;837;818;797
"Alberto";25;24;25;23;29;25
"Albian";-;-;-;-;-;5
"Albin";2057;2014;1968;1936;1893;1843
"Albino";7;7;7;8;8;8
"Albion";13;14;20;24;25;26
"Aldijan";6;7;7;8;8;8
"Aldin";188;194;226;228;229;232
"Aldo";236;229;230;223;216;216
"Ale";70;77;77;76;73;73
"Alec";5;5;5;6;6;6
"Alej";5;5;6;7;7;8
"Alejandro";-;-;-;5;5;-
"Alek";17;18;21;23;26;27
"Aleks";796;861;926;1008;1084;1165
"Aleksa";70;81;82;85;91;98
"Aleksandar";1105;1116;1208;1209;1244;1289
"Aleksander";5516;5513;5513;5540;5534;5526
"Aleksander Sandi";-;-;-;-;-;5
"Aleksander Saša";13;13;12;13;14;14
"Aleksander Sašo";20;18;18;18;16;16
"Aleksandr";9;10;11;10;12;13
"Aleksandro";5;6;6;7;8;8
"Aleksej";153;173;202;243;284;328
"Aleksij";27;29;29;30;30;31
"Aleksije";5;5;5;5;5;5
"Alem";42;49;52;57;63;72
"Alen";3498;3565;3649;3688;3736;3762
"Ales";-;-;-;-;5;5
"Alessandro";29;31;36;39;44;49
"Alessio";5;5;6;6;-;5
"Aleš";10740;10727;10725;10704;10709;10671
"Alex";397;453;496;535;581;633
"Alexandar";-;-;5;6;6;6
"Alexander";125;135;143;148;150;164
"Alexandr";-;-;-;6;7;8
"Alexandru";8;5;7;6;6;7
"Alexei";-;9;12;13;15;18
"Alexej";-;6;6;6;6;7
"Alexey";5;8;10;12;15;17
"Alfio";-;5;-;-;5;5
"Alfons";7;5;5;-;-;-
"Alfonz";252;245;242;238;228;220
"Alfred";238;233;233;226;224;216
"Alfredo";9;10;10;11;10;9
"Ali";123;131;152;162;176;186
"Alija";239;234;255;242;234;240
"Alil";6;5;-;5;6;6
"Alim";5;6;8;8;6;7
"Alin";6;8;12;13;14;16
"Alis";23;24;29;32;32;33
"Alit";7;7;6;6;6;7
"Aljan";-;-;-;6;6;7
"Aljaš";6;7;7;9;10;10
"Aljaž";3915;4099;4306;4460;4613;4772
"Alji";11;11;7;6;5;5
"Aljo";17;20;17;16;15;15
"Aljoš";-;5;5;5;5;5
"Aljoša";1716;1732;1744;1763;1769;1777
"Allan";5;-;-;-;6;5
"Allen";17;17;17;17;17;17
"Alli";5;5;5;6;8;7
"Almaz";11;11;13;13;12;12
"Almedin";45;47;56;55;55;53
"Almin";65;69;86;90;98;107
"Almir";483;513;575;569;573;587
"Alois";14;13;14;12;11;12
"Alojz";9356;9100;8897;8696;8465;8253
"Alojz Andrej";5;5;5;5;5;5
"Alojz Franc";5;5;5;5;5;5
"Alojz Ivan";6;6;6;6;6;6
"Alojz Janez";5;-;-;-;-;-
"Alojz Marjan";5;5;5;-;-;-
"Alojz Slavko";27;26;25;24;22;22
"Alojz Stanislav";6;6;5;5;5;5
"Alojzij";4358;4224;4051;3891;3737;3575
"Alojzij Anton";6;6;6;6;6;6
"Alojzij Franc";8;8;7;7;7;7
"Alojzij Janez";5;5;5;5;-;-
"Alojzij Slavko";26;26;24;24;24;19
"Alojzij Stanislav";11;11;10;10;10;10
"Alojzija";-;5;5;5;-;-
"Alojzije";28;27;27;26;25;25
"Altin";13;15;17;23;25;31
"Alton";-;-;-;-;-;5
"Alush";11;12;12;9;10;10
"Aluš";5;5;-;-;-;-
"Alvedin";8;7;10;11;10;10
"Alvin";13;13;12;14;14;15
"Alvir";7;6;6;5;5;6
"Amadei";-;-;-;-;5;5
"Amadej";428;454;485;520;536;556
"Amadeo";9;9;10;10;10;11
"Amadeus";6;6;6;6;5;6
"Amal";6;6;6;6;6;6
"Amar";102;113;130;153;175;207
"Ambrož";306;315;323;335;351;362
"Amdija";5;-;-;-;-;-
"Amel";228;233;265;265;263;275
"Amer";50;51;54;56;55;63
"Amet";6;8;10;10;12;12
"Amil";12;14;15;22;27;32
"Amin";21;20;25;30;35;38
"Amir";622;648;710;698;684;699
"Amit";5;5;6;5;5;5
"Ammar";27;30;37;46;50;58
"Amon";7;8;10;10;12;13
"Amor";6;7;6;5;5;5
"Amos";5;5;5;5;5;5
"Amrush";-;5;8;7;7;7
"An";15;20;20;20;21;22
"Anadin";-;-;5;6;6;6
"Anai";-;-;-;-;5;5
"Anaj";-;-;-;-;6;7
"Anan";5;6;8;12;14;15
"Anastazij";7;7;7;7;7;7
"Anatoliy";8;5;5;5;-;7
"Anèe";5;6;-;-;-;-
"Andi";71;73;75;80;83;84
"Andjelko";38;42;41;40;38;38
"Andon";-;-;5;-;5;-
"Andor";-;-;-;-;-;5
"Andraž";2513;2579;2645;2710;2767;2815
"Andre";21;14;16;15;14;13
"Andrea";40;44;50;53;54;57
"Andreas";109;103;105;106;103;101
"Andrei";6;6;5;6;6;6
"Andrej";17613;17567;17504;17416;17352;17255
"Andrej Ivan";6;5;5;5;-;-
"Andrej Janez";11;11;11;11;11;11
"Andrej Martin";5;6;7;7;7;7
"Andrej Stanislav";6;6;5;5;5;5
"Andreja";-;6;6;6;5;6
"Andrejas";16;16;16;15;16;16
"Andrejèek";16;15;15;15;15;15
"Andres";7;6;6;6;6;5
"Andrew";6;7;5;5;6;7
"Andrey";8;12;13;13;13;16
"Andrija";252;246;246;235;238;231
"Andrijan";7;7;7;7;7;7
"Andriy";10;14;18;18;16;17
"Andro";50;48;43;40;40;39
"André";-;6;6;7;7;6
"Andy";13;14;14;14;14;17
"Anei";5;5;6;7;9;12
"Anej";933;1060;1169;1306;1430;1543
"Anel";207;219;257;271;285;301
"Anes";85;93;105;115;131;144
"Aney";-;-;-;-;-;5
"Angel";190;183;182;173;172;171
"Angelcho";-;-;5;6;7;7
"Angelko";5;5;5;5;5;-
"Angelo";34;32;33;35;35;38
"Angjelko";7;6;7;6;6;-
"Anid";6;7;10;11;10;11
"Anis";43;50;56;64;69;75
"Antal";9;8;8;8;9;8
"Ante";244;244;233;232;228;228
"Anthony";-;-;5;-;-;-
"Anto";290;286;284;277;272;267
"Anton";22394;21902;21361;20875;20367;19774
"Anton Alojz";9;9;8;8;8;8
"Anton Alojzij";7;7;7;8;8;6
"Anton Andrej";10;10;10;10;10;10
"Anton Franc";20;20;19;17;16;16
"Anton Ivan";10;9;9;9;9;9
"Anton Janez";11;10;11;11;11;11
"Anton Jože";5;5;5;5;5;5
"Anton Jožef";16;16;15;14;14;14
"Anton Marijan";11;11;11;11;11;10
"Anton Marjan";13;12;12;11;11;11
"Anton Marko";5;5;5;5;5;5
"Anton Martin";16;16;15;16;16;16
"Anton Mihael";8;8;8;7;7;7
"Anton Milan";5;-;-;-;-;-
"Anton Pavel";7;7;7;7;7;7
"Anton Peter";7;7;7;6;6;6
"Anton Stanislav";8;8;8;7;6;6
"Anton Zvonimir";6;6;6;5;5;5
"Anton Zvonko";28;28;27;26;26;26
"Antonije";7;7;6;6;6;6
"Antonijo";22;25;25;25;25;25
"Antonin";6;6;6;6;6;6
"Antonino";5;-;-;-;-;-
"Antonio";147;154;163;169;173;186
"Antun";508;504;496;483;472;461
"Anže";3858;4037;4214;4382;4572;4757
"Anžej";80;83;90;91;94;97
"Anðelko";81;84;91;88;88;92
"Anðelo";22;23;23;21;21;23
"Arafat";5;-;5;-;-;-
"Arben";115;116;135;125;124;119
"Arber";21;23;20;23;24;25
"Arbnor";7;12;14;15;13;14
"Ardi";5;6;9;10;11;13
"Ardian";35;41;50;55;54;52
"Ardijan";10;13;15;13;13;13
"Ardit";20;24;28;29;35;39
"Argjend";6;6;8;9;8;9
"Argjent";5;6;8;8;9;10
"Arian";45;50;60;62;68;80
"Arianit";5;6;9;8;13;12
"Ariel";-;-;-;-;6;-
"Arif";202;202;217;206;204;203
"Arijan";30;33;34;35;36;39
"Arion";-;-;-;-;5;6
"Aris";10;10;10;11;13;15
"Arjan";18;20;21;21;25;27
"Arjanit";6;7;8;8;9;8
"Arlind";27;35;38;38;42;40
"Arman";10;12;15;16;20;20
"Armand";20;20;20;20;20;20
"Armando";102;104;103;104;104;100
"Armel";7;8;10;8;8;9
"Armen";10;9;10;11;11;12
"Armend";37;40;43;47;53;55
"Arment";5;6;6;6;5;6
"Armin";384;384;413;425;436;436
"Arne";100;108;128;150;168;177
"Arnej";9;10;11;10;11;11
"Arnel";77;75;81;83;78;83
"Arnes";56;60;70;74;75;76
"Arno";7;7;7;8;8;7
"Arnold";17;18;19;18;18;18
"Aron";31;36;40;43;50;55
"Arpad";68;60;59;59;59;57
"Arsen";34;37;37;39;39;47
"Arsenije";6;7;7;7;5;-
"Arsim";61;63;64;61;62;58
"Arslan";9;8;10;12;13;16
"Art";9;7;10;10;12;11
"Artan";23;28;31;38;38;40
"Arthur";6;5;5;5;6;6
"Arti";-;-;5;6;6;6
"Arton";47;58;60;53;54;55
"Artur";77;76;78;78;82;79
"Asad";6;7;8;7;7;8
"Asan";22;20;20;19;21;20
"Asen";-;-;5;-;5;-
"Asif";17;18;17;16;16;16
"Asim";367;369;391;388;377;380
"Asip";-;5;-;-;-;-
"Aslan";10;11;11;8;8;8
"Asllan";20;24;24;21;20;20
"Asman";-;-;-;-;5;-
"Asmir";271;271;311;313;299;306
"Astrit";26;30;36;31;28;30
"Ašim";9;10;9;8;7;7
"Atanas";27;21;26;25;28;29
"Atif";55;56;58;57;56;56
"Atila";18;14;16;16;16;15
"Atilij";8;8;8;7;6;5
"Atilio";7;7;7;6;6;6
"Atko";-;-;5;-;-;-
"Atnan";6;-;-;-;-;-
"Atso";6;-;-;-;6;6
"Attila";21;21;23;24;22;24
"August";59;57;55;53;54;51
"Augustin";48;45;43;41;42;44
"Auguštin";29;28;26;27;26;24
"Aulon";-;-;-;-;-;5
"Aurelio";7;7;7;7;7;7
"Avdi";21;23;27;30;27;26
"Avdija";20;19;23;24;23;23
"Avdo";99;104;101;101;99;99
"Avdul";5;5;-;-;-;-
"Avdula";-;5;5;6;6;6
"Avdulah";24;23;24;21;19;20
"Avdulla";5;7;8;8;9;9
"Avdullah";15;19;19;20;19;16
"Avdyl";25;26;31;31;31;28
"Avgust";1120;1084;1055;1027;1002;968
"Avgustin";28;29;28;28;28;25
"Avguštin";713;694;679;654;633;614
"Avmed";-;-;-;-;6;5
"Avni";76;76;97;92;85;86
"Avnija";8;7;5;-;-;-
"Avrelij";15;14;13;12;13;14
"Azem";76;74;81;78;78;78
"Azer";-;-;-;-;-;5
"Azim";18;17;17;15;15;13
"Azis";5;-;-;-;-;-
"Aziz";100;97;109;110;109;105
"Azmir";13;14;16;14;14;14
"Azrudin";7;7;6;7;6;5
"Azur";-;-;-;-;5;9
"Ažbe";168;207;252;293;322;345
"Aydin";-;5;6;6;6;6
"Aðul";-;-;-;5;-;5
"Bafti";13;12;16;15;14;14
"Bahri";12;11;9;11;9;8
"Bahrija";28;28;29;28;28;29
"Bahrudin";24;27;27;27;26;29
"Bahtir";-;-;5;-;-;-
"Bajram";150;157;156;151;151;152
"Bajro";125;119;133;126;126;124
"Bajrush";7;8;7;7;7;7
"Baki";16;20;22;19;18;20
"Bakir";9;9;10;11;12;12
"Balazs";6;-;-;-;-;-
"Baldomir";8;8;6;5;5;5
"Bali";-;-;5;-;-;-
"Baltazar";16;16;15;15;15;14
"Bal?Zs";6;5;5;5;-;-
"Balázs";-;5;5;5;5;5
"Bane";6;5;6;6;6;7
"Bardhyl";-;-;5;-;-;-
"Bare";13;13;13;13;13;13
"Bart";5;6;8;10;10;10
"Bartol";5;5;6;6;6;6
"Bartolomej";-;-;-;5;-;-
"Bashkim";47;55;73;64;65;64
"Basri";12;10;15;15;13;12
"Bastian";20;25;29;33;35;38
"Bastjan";-;-;-;-;5;-
"Baškim";22;20;18;17;14;14
"Bazilij";10;10;9;7;6;-
"Beat";5;-;-;-;-;-
"Bedri";43;47;51;45;41;39
"Bedžet";5;5;-;-;-;-
"Began";13;12;12;11;11;10
"Bego";52;51;53;54;52;51
"Behadin";-;-;5;5;5;5
"Behar";21;22;32;26;29;30
"Behram";-;-;5;-;-;-
"Behxhet";5;-;8;7;8;7
"Bejadin";6;6;6;6;5;5
"Bejtula";6;7;7;8;7;6
"Bekim";117;126;146;141;141;142
"Bekir";25;31;36;32;27;27
"Bekri";5;6;-;5;-;-
"Bela";140;135;131;128;122;117
"Belmin";37;45;50;54;59;63
"Ben";23;25;29;34;38;42
"Benedikt";84;83;82;82;80;79
"Benet";-;-;-;-;-;5
"Beni";10;11;8;8;9;10
"Benito";10;9;10;10;10;10
"Benjamin";2095;2156;2210;2274;2315;2357
"Beno";444;449;452;456;453;452
"Berat";23;32;31;32;30;33
"Berin";8;8;9;9;9;9
"Berislav";28;26;27;27;26;28
"Beriz";6;6;7;6;6;6
"Bernad";6;6;6;6;6;6
"Bernard";823;815;808;794;788;779
"Bernardo";18;18;18;18;19;19
"Bernd";5;5;5;5;5;5
"Bernhard";5;6;5;-;-;5
"Bert";22;24;26;27;28;31
"Berti";9;9;9;9;9;9
"Berto";31;31;31;31;31;30
"Bertold";5;5;5;5;5;5
"Berzat";-;-;-;5;-;-
"Besar";9;11;11;10;10;10
"Besart";15;18;24;20;18;19
"Besim";193;195;227;211;212;213
"Besir";11;12;12;13;12;13
"Besjan";-;-;-;-;-;5
"Besmir";18;20;21;20;22;25
"Besnik";63;79;82;80;75;79
"Bešir";18;21;22;20;20;18
"Betim";10;14;13;13;13;13
"Bexhet";8;7;10;7;7;8
"Beæir";65;64;68;61;57;57
"Beqir";17;21;21;24;24;25
"Beæo";11;14;15;14;15;15
"Bian";11;11;12;12;12;12
"Bilal";18;19;23;29;30;31
"Binak";8;10;10;11;10;9
"Bine";223;242;263;297;322;354
"Bislim";9;14;15;12;13;14
"Bjan";-;-;-;-;-;5
"Bjorn";-;-;-;-;-;5
"Blago";7;7;7;7;7;7
"Blagoj";37;36;39;37;37;39
"Blagoja";37;37;37;38;39;34
"Blagojche";-;-;-;-;-;5
"Blagojcho";-;-;5;6;7;8
"Blagojèe";8;-;-;-;-;-
"Blagojèo";14;14;12;9;9;8
"Blagoje";77;74;70;68;67;68
"Blagomir";5;5;5;5;5;5
"Blagoy";5;-;-;-;-;5
"Blaško";12;11;12;12;12;12
"Blazhe";-;-;7;7;12;12
"Blazho";-;-;-;-;8;14
"Blaž";6417;6506;6604;6674;6759;6833
"Blažan";5;5;5;-;-;-
"Blaže";24;22;20;20;17;17
"Blaženko";11;11;11;11;11;11
"Blažo";30;25;28;26;23;20
"Bleard";-;-;-;-;5;6
"Bleart";-;-;-;-;5;5
"Bledar";8;8;11;9;10;10
"Blend";-;-;-;-;5;7
"Blendi";6;6;8;7;9;10
"Blerim";62;72;88;83;82;77
"Bleron";-;5;8;11;10;12
"Blerton";6;6;8;6;10;8
"Bljerim";-;6;6;-;-;-
"Boban";109;110;112;119;127;131
"Bobi";5;6;6;7;6;8
"Bogdan";2418;2394;2379;2365;2335;2320
"Bogo";43;43;42;42;42;41
"Bogoja";5;-;-;-;-;-
"Bogoljub";98;96;96;98;92;90
"Bogomil";204;200;196;188;179;175
"Bogomir";1343;1315;1291;1256;1224;1199
"Bogomir Mirko";5;5;5;5;5;5
"Bogosav";8;8;8;8;8;8
"Bogoslav";37;36;36;35;34;32
"Bogumil";7;6;5;5;5;5
"Bojan";10625;10576;10585;10544;10519;10461
"Bojan Anton";5;5;-;5;5;-
"Bojan Franc";6;6;5;5;5;5
"Bojan Janez";5;-;-;-;-;-
"Bojko";7;7;7;7;6;6
"Boleslav";20;20;20;20;20;20
"Bolfenk";7;7;6;6;6;5
"Boltežar";12;12;11;10;9;9
"Bono";13;13;14;14;15;16
"Bor";542;604;685;753;820;886
"Bora";15;15;14;14;14;14
"Boran";7;6;5;5;5;5
"Borche";5;-;14;20;20;25
"Borcho";-;-;-;-;-;5
"Borèe";25;26;23;18;17;16
"Borèo";8;9;8;8;7;7
"Bore";32;32;34;38;36;37
"Boris";8577;8506;8485;8408;8374;8309
"Boris Andrej";6;6;6;6;5;5
"Boris Franc";5;5;5;5;5;5
"Boris Ivan";5;5;5;5;5;5
"Boris Janez";7;7;7;6;6;6
"Boris Jožef";11;10;9;9;9;9
"Borisav";13;13;13;13;12;11
"Borislav";391;391;397;395;391;380
"Boriša";5;6;7;6;6;6
"Borivoj";61;60;60;57;55;56
"Borivoje";43;42;45;43;42;41
"Borja";9;9;12;14;15;15
"Borjan";6;6;7;8;8;8
"Borko";66;66;68;66;67;69
"Borna";13;15;16;17;20;22
"Boro";243;243;251;249;246;243
"Borut";4395;4397;4392;4386;4376;4359
"Bosiljko";6;6;6;7;6;6
"Boško";270;274;278;275;267;267
"Boštijan";8;9;9;9;9;9
"Boštjan";10047;10027;10014;10006;10002;9977
"Božidar";1830;1809;1784;1758;1722;1690
"Božidar Andrej";5;-;-;-;-;-
"Božidar Darko";6;6;6;7;6;5
"Božidar Jožef";5;5;5;5;5;5
"Božin";5;-;-;-;-;-
"Božislav";6;6;6;5;5;5
"Božo";722;715;712;706;702;697
"Braco";35;35;36;37;35;35
"Brahim";30;26;30;30;29;27
"Braim";7;6;6;6;7;7
"Brajan";-;5;5;5;5;5
"Brane";181;181;184;187;186;183
"Branimir";531;527;524;516;514;504
"Branislav";650;659;666;654;643;643
"Branivoj";16;16;15;15;15;15
"Branivoje";5;5;5;5;5;5
"Branko";11392;11309;11240;11144;11034;10936
"Branko Franc";31;31;29;29;30;30
"Branko Franèišek";9;9;10;9;9;9
"Branko Jožef";5;-;-;-;-;-
"Brano";10;13;16;16;15;16
"Bratislav";44;38;46;48;46;48
"Bratko";6;6;6;5;5;5
"Brendon";9;9;9;10;10;10
"Brian";10;10;9;10;9;8
"Brin";93;119;140;167;196;229
"Bronislav";18;17;17;17;17;17
"Bruno";878;869;864;850;840;836
"Budimir";52;53;52;51;52;48
"Bujamin";8;7;9;7;8;8
"Bujar";50;59;72;64;63;62
"Burhan";7;6;7;8;8;8
"Burim";65;68;96;87;83;79
"Cane";11;11;11;10;10;10
"Carlo";12;12;16;16;16;18
"Carlos";-;5;5;6;6;5
"Celestin";24;22;22;22;21;20
"Cene";64;68;71;75;77;82
"Chris";25;27;29;31;31;34
"Christian";135;131;132;125;125;129
"Christoph";-;-;5;-;-;-
"Christopher";12;14;13;13;12;12
"Ciril";2255;2217;2156;2101;2057;1988
"Ciril Janez";5;-;-;-;-;-
"Ciril Metod";28;25;24;24;22;22
"Claudio";45;46;49;50;51;54
"Clirim";-;5;5;8;7;9
"Colin";-;-;-;-;-;5
"Cris";-;-;5;5;6;6
"Cristian";18;19;22;24;25;23
"Csaba";5;6;5;-;-;-
"Cvetan";15;13;13;13;13;13
"Cvetko";775;763;756;747;734;720
"Cveto";123;121;119;116;115;114
"Cvijan";15;15;16;16;16;16
"Cvijetin";55;52;52;49;51;53
"Cvijo";12;9;9;9;9;9
"Cviko";11;11;11;10;10;10
"Cvjetko";33;34;32;34;33;31
"Èaba";7;7;7;5;6;-
"Èamil";6;5;5;5;5;-
"Èaslav";29;22;24;24;26;26
"Èazim";13;14;13;12;11;11
"Èedo";133;136;135;137;133;133
"Èedomil";5;5;5;5;5;5
"Èedomir";124;128;126;125;119;119
"Èrt";290;314;326;335;350;363
"Èrtomir";224;224;223;222;223;224
"Dado";13;13;14;14;15;15
"Dag";6;6;6;6;6;5
"Dagmar";6;6;6;6;6;6
"Dajan";-;7;6;6;6;7
"Dako";14;14;16;13;13;13
"Dali";8;8;8;8;8;8
"Dalibor";646;656;685;676;680;710
"Dalimir";5;5;5;5;5;5
"Dalip";10;11;13;12;12;12
"Dame";-;5;7;5;7;7
"Damian";26;29;29;27;27;27
"Damijan";1825;1817;1806;1802;1797;1798
"Damir";1751;1764;1808;1799;1802;1809
"Damjan";4355;4357;4363;4357;4366;4357
"Dan";98;109;114;124;137;138
"Danaj";-;-;5;5;6;6
"Dane";154;153;159;154;155;158
"Danej";18;18;18;19;19;20
"Dani";152;153;155;157;160;162
"Daniel";1675;1672;1685;1680;1683;1677
"Daniele";17;18;17;16;17;19
"Daniil";-;-;-;5;-;5
"Danijel";3762;3744;3778;3763;3734;3717
"Danilo";2616;2594;2574;2546;2520;2509
"Danimir";18;18;16;16;15;15
"Danis";5;6;7;10;12;13
"Danislav";7;7;7;7;7;7
"Danjel";142;140;137;137;135;132
"Danko";69;68;70;68;64;66
"Dano";5;5;5;5;5;5
"Dante";13;12;12;12;15;15
"Dany";5;5;5;-;-;-
"Dardan";19;21;20;24;22;29
"Dare";22;21;22;22;23;22
"Darian";16;18;19;19;19;20
"Darij";133;133;131;126;126;125
"Darijan";119;120;121;121;123;122
"Darijo";131;130;130;130;127;128
"Darin";18;18;19;18;18;19
"Darinko";43;43;43;43;43;43
"Darino";5;5;5;5;5;5
"Dario";373;373;389;393;404;410
"Daris";14;16;20;29;38;52
"Darjan";387;389;386;386;386;387
"Darjo";252;253;252;251;251;247
"Darko";6241;6218;6245;6213;6189;6164
"Daroslav";8;8;8;8;7;7
"Darvin";8;9;9;9;9;9
"Dashmir";-;-;6;6;6;7
"Dashnor";-;6;5;6;7;6
"Dašmir";7;8;9;8;7;6
"Dašo";6;6;6;7;7;7
"Daut";25;29;32;26;27;27
"David";7170;7314;7477;7638;7815;7988
"David Aleksander";-;-;-;-;-;5
"David John";-;-;-;5;-;-
"David Peter";-;-;-;5;5;5
"Davide";12;14;15;18;22;21
"Davor";1197;1202;1222;1229;1226;1233
"Davorin";1481;1470;1466;1451;1456;1445
"Davorin Martin";5;5;-;5;5;5
"Davud";11;13;14;20;21;28
"Dean";623;623;638;639;638;639
"Dedo";15;17;16;15;14;15
"Deen";5;5;7;8;8;8
"Defrim";5;8;9;10;10;12
"Dejan";7943;7956;8014;8008;8021;8037
"Dejanèo";6;-;-;-;-;-
"Dejvi";10;10;10;10;11;12
"Dejvid";48;51;53;52;52;53
"Dejvis";5;5;5;5;5;5
"Delèo";5;-;-;-;-;-
"Demeter";5;-;-;-;-;-
"Demetrij";19;19;19;19;19;18
"Demian";9;10;10;10;10;11
"Demir";51;60;66;66;68;71
"Demirali";-;5;5;-;-;-
"Demirel";6;7;7;7;7;7
"Demis";9;9;9;9;8;8
"Demiš";5;5;5;5;-;-
"Demitrij";13;13;13;14;13;13
"Demuš";5;5;5;5;6;6
"Den";14;15;16;16;16;16
"Deni";109;110;112;116;119;122
"Denijal";8;8;9;9;9;8
"Denis";4982;5045;5096;5117;5141;5151
"Deniz";7;7;7;7;7;5
"Dennis";33;32;35;36;37;35
"Deny";5;5;6;6;6;6
"Denys";5;6;6;6;7;7
"Derviš";67;70;72;71;69;65
"Dervo";5;5;5;5;5;5
"Desimir";51;51;52;49;48;46
"Destan";8;8;10;9;10;10
"Devid";11;11;11;12;12;12
"Devin";-;-;-;-;5;5
"Devis";10;10;9;9;9;9
"Dezider";43;40;40;39;38;36
"Deziderij";25;25;24;23;23;22
"Deyan";6;7;7;5;5;6
"Deyancho";-;-;-;-;-;5
"Dian";-;-;-;-;5;6
"Diar";-;-;-;5;7;10
"Dibran";7;9;9;9;9;11
"Diego";44;45;47;54;56;54
"Dieter";6;7;7;7;7;6
"Dijego";6;7;7;7;7;7
"Diko";6;6;6;6;6;6
"Dilan";-;-;-;-;-;5
"Dilaver";7;7;7;6;7;8
"Dimche";-;7;7;9;13;13
"Dimèe";17;15;13;13;10;9
"Dimèo";-;6;7;-;-;-
"Dime";7;6;6;6;6;6
"Dimitar";33;32;31;34;35;41
"Dimitri";13;14;15;15;16;18
"Dimitrij";336;337;339;334;331;325
"Dimitrija";19;18;19;19;18;19
"Dimitrije";73;71;69;64;61;59
"Din";72;81;91;106;129;141
"Dine";5;5;-;5;6;6
"Dinko";57;59;57;58;56;57
"Dino";400;419;438;444;462;465
"Dion";8;12;13;15;21;23
"Dionis";5;6;-;5;7;7
"Dionizij";16;16;16;16;14;13
"Djafer";7;7;6;6;5;5
"Djego";7;7;7;7;7;7
"Djelal";-;-;5;-;-;-
"Djemal";9;9;11;12;11;10
"Djerdj";5;6;5;5;5;-
"Djevad";18;18;19;19;19;20
"Djevat";7;10;8;7;8;9
"Djevdet";-;-;-;5;-;-
"Djoka";7;8;8;8;8;8
"Djoko";10;11;10;10;10;9
"Djordje";88;86;86;82;84;80
"Djordjo";42;41;41;40;39;39
"Djura";8;8;8;8;8;8
"Djuradj";32;32;30;28;27;27
"Djuro";105;97;92;87;83;80
"Dmitar";15;15;15;15;15;16
"Dmitri";-;-;-;-;5;5
"Dmitrij";-;5;5;5;6;7
"Dmitry";-;-;-;5;7;16
"Dmytro";6;7;6;6;7;9
"Dobran";5;5;5;5;5;-
"Dobre";17;17;20;20;22;20
"Dobri";6;6;7;7;6;7
"Dobrica";11;11;13;12;11;11
"Dobrinko";8;8;8;8;7;8
"Dobrivoj";15;14;15;15;15;14
"Dobrivoje";60;60;58;56;55;55
"Dobromir";-;-;5;5;5;-
"Dobrosav";11;11;12;12;12;12
"Dobroslav";6;6;6;6;6;6
"Dojèin";8;9;10;9;8;9
"Dolfe";5;5;5;5;5;5
"Domagoj";18;19;19;20;23;22
"Domen";3247;3326;3394;3454;3507;3569
"Domenico";7;5;5;5;-;5
"Domin";10;11;11;11;12;12
"Dominic";-;5;5;-;5;6
"Dominik";1615;1634;1634;1647;1674;1691
"Dominko";15;15;14;14;14;15
"Don";16;18;18;18;21;21
"Donald";16;15;15;16;17;18
"Donart";-;-;-;-;6;7
"Donat";11;11;8;8;7;7
"Donato";5;5;5;-;-;-
"Done";9;9;6;6;6;6
"Donovan";7;7;7;7;7;7
"Dore";6;6;6;6;6;6
"Dorian";70;76;81;95;95;101
"Dorijan";34;38;40;42;44;45
"Dorjan";37;38;39;40;40;40
"Dorjano";8;8;8;8;8;8
"Dorko";5;5;5;5;5;5
"Dorotej";20;22;21;21;23;24
"Dragan";2322;2320;2406;2383;2396;2454
"Dragancho";-;-;-;-;-;5
"Draganèo";-;5;-;-;-;-
"Drage";10;7;8;7;10;9
"Dragec";7;7;7;7;7;7
"Dragi";60;59;65;60;60;64
"Dragislav";-;-;-;-;5;5
"Dragiša";151;151;155;150;151;149
"Dragiæ";17;18;17;16;16;17
"Drago";6270;6199;6142;6079;6033;5966
"Drago Franc";7;7;7;6;6;6
"Drago Karel";7;8;8;8;7;7
"Drago Karl";5;5;5;6;6;6
"Dragoja";24;25;23;23;23;23
"Dragoje";11;11;12;11;12;11
"Dragoljub";241;239;250;249;248;243
"Dragomil";21;20;20;17;17;16
"Dragomir";379;379;386;378;371;368
"Dragorad";7;7;7;6;7;7
"Dragoslav";203;203;209;206;204;214
"Dragoš";6;6;6;6;5;7
"Dragotin";249;241;235;231;223;213
"Dragovan";5;5;5;5;5;5
"Dragutin";741;738;719;700;687;677
"Draško";59;57;66;62;66;64
"Dražan";12;11;13;13;12;11
"Draže";-;-;5;-;-;-
"Dražen";245;245;259;260;271;277
"Draženko";59;59;68;66;63;69
"Drejc";78;90;96;104;111;118
"Dren";6;6;9;12;12;13
"Drilon";9;10;15;17;17;17
"Dritan";-;-;-;-;-;5
"Driton";58;62;75;76;68;73
"Dubravko";58;59;60;58;61;60
"Duilij";5;5;5;-;-;-
"Durak";5;5;5;-;-;-
"Durim";9;9;13;12;12;13
"Dursum";25;25;27;26;26;26
"Dushan";-;-;-;-;5;9
"Dushko";-;7;7;9;11;13
"Dušan";8547;8481;8421;8318;8253;8196
"Dušan Anton";5;6;6;6;6;6
"Dušan Franc";15;15;15;15;14;14
"Dušan Janez";6;6;6;6;5;5
"Dušan Stanislav";5;5;5;5;5;5
"Duško";459;470;484;470;474;474
"Džabir";6;6;6;5;-;-
"Džafer";33;29;30;29;26;27
"Džan";12;11;11;11;15;15
"Džanan";-;-;6;6;7;7
"Džavid";11;11;10;8;9;9
"Džavit";12;8;8;7;5;5
"Džejlan";-;-;-;-;-;7
"Dželadin";-;5;5;5;6;5
"Dželal";11;9;7;8;7;6
"Dželjalj";5;-;-;-;-;-
"Džemail";23;23;22;18;16;16
"Džemal";143;139;145;135;142;143
"Džemil";25;25;25;25;23;26
"Džemo";14;12;14;14;14;16
"Dženan";17;17;21;24;29;28
"Dženis";9;10;11;11;11;13
"Dževad";267;270;306;298;298;298
"Dževair";8;8;9;9;9;8
"Dževat";17;17;17;15;11;10
"Dževdet";20;18;21;18;14;13
"Džezmi";-;5;-;-;-;-
"Džimi";-;-;5;-;5;-
"Džoni";12;12;11;11;11;11
"Džordže";5;5;5;5;5;-
"Dylan";-;-;-;-;5;-
"Dániel";-;5;5;5;-;-
"Ecij";7;7;7;7;7;7
"Ecijo";11;11;9;9;9;9
"Ecio";19;19;19;19;19;19
"Edbin";13;14;13;13;12;12
"Edgar";6;6;6;6;6;6
"Edham";16;17;18;17;16;17
"Edhem";67;63;65;62;60;60
"Edi";603;600;604;614;612;608
"Edib";14;13;14;14;15;14
"Edim";5;7;7;-;7;7
"Edin";806;818;896;885;893;916
"Edip";9;9;9;9;9;9
"Edis";242;260;284;277;285;298
"Edison";16;18;17;20;19;25
"Edit";5;5;5;5;5;6
"Edmir";11;9;14;12;11;14
"Edmond";45;48;49;51;51;52
"Edmund";53;50;49;49;49;47
"Edo";271;269;264;269;268;266
"Edoardo";5;6;6;5;5;5
"Edon";13;16;17;18;21;21
"Edonis";-;-;-;5;7;7
"Edonit";-;-;-;-;5;5
"Eduard";118;114;115;111;111;109
"Eduardo";-;-;-;-;-;5
"Edvard";2763;2705;2654;2601;2557;2517
"Edvard Franc";6;5;-;-;-;-
"Edvin";369;379;390;389;398;395
"Edward";-;5;5;6;6;5
"Edwin";5;5;5;5;5;5
"Eftim";-;-;5;5;5;5
"Egidij";123;120;117;114;113;109
"Egidio";15;14;14;14;13;12
"Egon";388;389;390;389;387;387
"Egzon";34;41;45;48;51;51
"Ejub";44;42;46;45;44;42
"Ejup";14;16;16;14;13;13
"Ekram";-;5;-;-;-;-
"Ekrem";204;202;216;211;205;209
"Elbasan";8;8;10;12;11;11
"Eldar";23;18;23;27;30;38
"Eldi";-;-;-;-;-;5
"Eldin";125;117;137;139;145;153
"Eldis";6;9;13;13;13;12
"Elek";19;17;15;14;14;14
"Elemer";14;14;14;14;14;13
"Elemir";14;14;14;13;13;12
"Elez";12;11;15;16;16;15
"Elfat";-;5;7;8;9;8
"Elham";-;-;-;-;5;5
"Elhan";-;-;5;6;8;11
"Elian";-;-;5;5;6;6
"Elias";12;12;15;18;20;21
"Elija";9;14;16;19;22;21
"Elijo";9;9;9;9;9;9
"Elin";-;-;-;-;5;5
"Elio";31;32;31;32;31;32
"Elion";-;-;5;-;5;7
"Elis";14;14;13;14;15;16
"Eljo";13;13;13;12;12;11
"Elko";16;16;16;16;14;14
"Elmar";-;5;5;5;6;6
"Elmas";-;5;6;7;8;9
"Elmaz";5;5;6;5;6;6
"Elmedin";37;42;51;54;55;60
"Elmi";15;18;20;19;18;16
"Elmin";37;41;43;51;58;65
"Elmir";60;63;68;68;67;70
"Elsan";-;-;5;-;5;5
"Elton";-;8;7;8;8;10
"Elvedin";152;148;175;170;172;170
"Elver";8;8;7;7;9;8
"Elvin";50;53;54;53;52;54
"Elvino";8;8;8;8;7;7
"Elvio";10;9;8;8;8;8
"Elvir";394;393;433;425;420;417
"Elvis";1000;1014;1050;1051;1047;1041
"Eman";10;17;22;32;38;47
"Emanuel";183;193;198;209;212;224
"Emanuele";-;-;5;5;7;6
"Emel";-;-;-;-;-;7
"Emerik";60;58;57;57;57;55
"Emil";2292;2259;2237;2208;2172;2140
"Emil Anton";5;5;5;-;-;-
"Emil Franc";5;-;-;-;-;-
"Emil Ivan";5;-;-;-;-;-
"Emil Jožef";6;5;5;5;5;5
"Emil Milan";19;19;18;17;16;16
"Emilij";8;8;8;8;8;8
"Emilijan";147;144;141;138;131;126
"Emilijan Milan";6;6;6;6;6;6
"Emilijo";-;5;5;5;5;5
"Emilio";15;15;14;16;14;15
"Emiljan";22;21;22;21;21;21
"Emin";188;190;208;195;195;202
"Emir";472;491;536;547;555;564
"Emra";5;5;5;5;5;5
"Emrah";24;28;38;43;48;59
"Emran";6;7;10;10;12;12
"Emre";-;-;-;5;5;5
"Emsad";35;32;35;35;34;33
"Emsud";58;60;64;63;65;67
"Emsudin";-;-;5;5;5;5
"Enam";-;-;-;5;5;7
"Enco";6;7;7;7;7;7
"Endi";19;20;23;25;27;30
"Endis";10;10;11;11;11;12
"Endre";9;9;9;8;8;9
"Endrit";17;25;27;31;36;33
"Enei";8;9;10;10;12;12
"Enej";509;590;669;737;798;858
"Enes";445;438;483;474;479;489
"Enez";5;-;5;5;5;-
"Engelbert";66;64;61;60;59;58
"Enid";6;5;5;6;5;6
"Enis";139;133;154;153;158;160
"Eniz";50;52;53;52;51;49
"Ennio";5;-;-;-;-;-
"Enrico";9;8;8;9;9;11
"Enriko";7;7;7;7;7;7
"Ensad";8;11;11;13;14;13
"Ensar";12;12;19;21;25;32
"Enver";304;298;329;314;301;302
"Enzo";7;8;10;10;10;10
"Erazem";154;177;199;228;258;290
"Erblin";-;-;-;-;-;9
"Erdi";-;-;-;-;7;6
"Erdin";-;5;5;-;-;-
"Erdogan";-;-;-;-;-;5
"Erduan";6;5;7;8;8;10
"Erdžan";6;-;5;-;5;-
"Ergin";-;-;-;5;5;5
"Erhan";-;-;8;8;8;9
"Erhard";5;-;-;-;-;-
"Eric";18;21;22;22;22;23
"Erich";15;16;15;16;15;14
"Erih";116;113;112;110;108;107
"Erik";1814;1867;1932;2010;2085;2164
"Erin";-;-;-;5;5;6
"Erion";7;10;13;16;17;22
"Eris";-;-;-;8;8;9
"Erjon";5;5;6;6;9;11
"Erkan";-;-;5;-;-;-
"Ermal";9;10;12;13;17;18
"Ermin";287;289;302;308;308;318
"Erminij";8;7;7;6;6;5
"Erminio";8;7;6;6;6;7
"Ernad";34;38;46;50;44;47
"Ernes";44;48;49;51;52;56
"Ernest";1177;1157;1136;1104;1076;1050
"Ernesto";7;6;6;7;8;7
"Erni";10;10;11;11;10;11
"Ernis";5;5;8;8;9;10
"Ernoe";13;-;-;-;-;-
"Ernst";8;7;7;7;8;8
"Ernö";-;13;13;13;13;13
"Erol";14;16;14;16;17;19
"Eron";-;5;8;8;11;11
"Eros";11;12;12;12;14;15
"Ersan";13;13;14;12;13;15
"Ervin";961;954;953;959;969;973
"Erwin";10;8;9;9;8;8
"Esad";382;380;404;398;395;402
"Esat";26;32;30;31;30;30
"Esed";39;43;46;43;43;47
"Esmin";7;6;6;6;8;9
"Esmir";77;83;92;94;94;93
"Esperij";8;8;8;8;7;7
"Ešef";45;42;43;42;43;42
"Ešref";9;9;10;10;10;10
"Etbin";28;29;28;26;26;26
"Etem";6;6;7;7;7;7
"Ethem";5;5;7;6;6;6
"Etien";20;24;26;32;35;43
"Etienne";8;9;9;10;10;12
"Etjan";7;9;9;9;9;9
"Eugen";39;41;39;37;37;37
"Evald";28;28;28;28;27;28
"Evan";13;16;22;29;34;44
"Evelin";-;-;-;5;5;5
"Evgen";618;609;597;589;579;566
"Evgenij";22;22;22;22;22;23
"Evgeny";-;-;-;5;7;12
"Evstahij";20;20;18;17;17;17
"Ezio";7;8;9;8;7;6
"Fabian";21;25;25;26;27;23
"Fabijan";52;53;58;57;55;56
"Fabijo";10;10;10;10;10;10
"Fabio";43;44;47;51;50;48
"Fabjan";25;25;25;25;26;26
"Fabjo";10;10;10;10;9;9
"Fabrizio";9;10;10;11;11;8
"Fadil";357;357;368;358;352;359
"Fadilj";14;17;17;14;11;10
"Fahir";24;23;21;21;22;22
"Fahredin";6;5;6;6;5;-
"Fahret";6;5;6;6;6;6
"Fahri";7;5;9;8;8;7
"Fahro";-;-;6;7;6;6
"Fahrudin";135;130;155;153;149;153
"Faik";59;62;66;61;62;61
"Fajik";20;20;21;20;20;19
"Fajko";9;9;10;10;10;10
"Faredin";5;6;5;6;6;6
"Faris";8;9;10;13;16;18
"Farko";5;5;-;-;5;5
"Faruk";72;68;77;76;78;75
"Fatih";-;5;5;5;-;-
"Fatlind";7;7;7;7;10;12
"Fatlum";5;10;11;12;14;13
"Fatmir";126;134;151;147;139;138
"Faton";39;43;62;55;54;52
"Fatos";12;12;14;14;13;12
"Faustin";6;6;6;5;5;5
"Fausto";8;8;8;8;8;8
"Fazli";22;20;24;20;22;20
"Fazlija";8;8;8;8;8;7
"Fedahija";-;-;5;5;5;5
"Federico";7;9;9;10;9;8
"Fedja";32;35;41;42;46;52
"Fedor";30;30;30;27;28;28
"Fehim";99;103;105;103;103;102
"Fehmi";12;16;17;15;13;14
"Feho";6;6;6;6;6;6
"Fehrat";-;-;-;-;5;-
"Fehret";12;12;12;12;12;14
"Fehrudin";7;6;7;8;8;8
"Feim";16;16;15;17;16;16
"Fejsal";8;6;7;7;7;7
"Fejzo";12;12;11;10;11;10
"Fejzula";8;8;10;7;7;7
"Felice";-;-;-;-;-;5
"Felicijan";6;6;6;6;6;5
"Feliks";839;816;782;755;726;700
"Feliks Sreèko";15;13;14;13;13;12
"Felix";12;12;10;11;12;13
"Femi";12;14;14;14;11;11
"Feodor";5;5;5;5;-;-
"Ferat";9;10;9;7;6;5
"Ferdi";14;15;16;15;15;14
"Ferdinand";951;918;892;866;848;810
"Ferdo";142;142;140;138;136;130
"Ferenc";48;50;43;47;42;41
"Ferhad";6;-;8;8;7;8
"Ferhat";10;9;9;9;9;9
"Feri";14;13;13;13;14;14
"Ferid";229;229;229;224;222;221
"Ferit";7;8;9;8;8;6
"Feriz";34;36;38;35;36;35
"Ferruccio";10;8;8;8;9;9
"Ferucio";5;5;5;-;-;-
"Feruèo";16;15;14;16;16;15
"Festim";7;10;9;12;13;13
"Feta";5;-;5;5;5;-
"Fetah";8;9;9;10;10;10
"Feti";6;5;7;7;5;6
"Fevzi";-;-;-;5;5;5
"Fidaim";-;7;9;6;5;5
"Fidan";16;20;26;26;23;27
"Fidanèo";5;5;5;-;-;-
"Fikret";404;401;427;424;416;407
"Filip";1828;1985;2149;2335;2518;2736
"Filip Aleksander";5;5;5;5;5;5
"Filip Franc";5;5;6;6;6;6
"Filip Ivan";6;6;5;5;5;5
"Filip Jakob";22;22;21;20;20;21
"Filippo";-;-;-;5;5;7
"Finn";-;-;-;-;5;7
"Firzet";10;8;10;9;9;9
"Fisnik";13;15;16;13;13;15
"Fitim";36;36;45;43;41;47
"Flamur";25;24;27;27;28;31
"Flavio";16;15;16;15;16;15
"Fljorim";5;5;5;-;-;-
"Florent";11;14;11;11;15;17
"Florian";58;55;59;62;63;62
"Florijan";391;392;384;383;380;381
"Florijan Cvetko";9;8;7;7;6;6
"Florim";37;38;39;42;39;40
"Florin";5;-;-;-;-;-
"Florjan";350;348;356;359;363;359
"Flurim";15;19;23;26;24;25
"Fortunat";42;40;39;35;35;34
"Fran";51;54;59;63;69;72
"Franc";31396;30546;29788;29028;28230;27409
"Franc Alojz";10;10;10;10;9;8
"Franc Alojzij";6;6;6;6;6;6
"Franc Andrej";13;12;11;11;10;10
"Franc Anton";20;19;19;16;16;13
"Franc Boris";5;5;5;5;5;5
"Franc Branimir";5;5;-;-;-;-
"Franc Branko";41;39;38;38;37;36
"Franc Dušan";12;12;12;12;12;11
"Franc Emil";6;6;5;5;5;5
"Franc Ferdinand";5;5;5;5;5;-
"Franc Ivan";17;17;17;15;15;15
"Franc Janez";12;12;12;11;11;10
"Franc Jože";8;8;8;8;8;8
"Franc Jožef";46;46;44;38;37;37
"Franc Leopold";5;5;5;5;5;5
"Franc Marijan";8;7;7;7;7;6
"Franc Marjan";26;25;25;25;25;25
"Franc Martin";8;8;8;8;8;8
"Franc Mihael";8;8;7;7;7;6
"Franc Milan";7;7;7;7;7;7
"Franc Pavel";9;9;9;9;8;8
"Franc Peter";9;9;8;8;8;8
"Franc Stanislav";5;5;-;-;-;-
"Franc Valentin";5;5;5;-;-;-
"Franc Vladimir";10;10;9;9;9;9
"France";412;403;395;387;374;367
"Francelj";27;26;26;26;25;25
"Francesco";14;17;17;21;19;19
"Franci";2039;2033;2035;2031;2020;2011
"Franci Branko";5;5;5;5;5;5
"Francisco";5;5;-;-;-;-
"Franco";18;16;20;23;21;23
"Franèek";71;70;70;70;69;69
"Franèišek";2433;2332;2220;2095;1998;1879
"Franèišek Branko";9;9;9;9;9;8
"Frane";35;33;33;33;34;34
"Franek";14;14;14;14;14;14
"Franja";5;-;-;-;-;-
"Franjo";1507;1475;1455;1426;1396;1367
"Frank";32;30;30;31;34;33
"Franko";406;406;405;403;403;404
"Frano";54;55;57;54;52;52
"František";6;-;-;5;-;-
"Franz";25;25;23;24;25;24
"Fred";8;8;7;8;8;8
"Freddy";5;5;5;-;-;-
"Fredi";184;180;182;182;181;178
"Fredo";7;7;7;7;6;6
"Fredy";7;7;7;7;6;6
"Frenk";40;38;42;42;42;41
"Frenki";6;6;6;6;6;6
"Fric";16;16;15;14;15;14
"Friderik";583;562;539;522;508;497
"Friderik Mirko";11;11;11;11;10;9
"Friderik Miroslav";5;5;5;5;5;5
"Frido";5;5;5;5;5;5
"Fridolin";7;7;6;5;5;-
"Fridrih";31;30;30;29;28;29
"Friedrich";6;5;7;6;6;5
"Fritz";-;-;5;5;5;5
"Fuad";137;138;148;143;145;151
"Fuat";6;6;9;8;9;8
"Fulvio";11;10;11;9;10;12
"Gaber";210;234;260;292;318;348
"Gabor";10;5;6;6;6;5
"Gabriel";160;169;186;203;226;248
"Gabriele";6;8;9;9;11;10
"Gabrijel";590;590;587;595;593;595
"Gabro";5;5;5;5;5;5
"Gadaf";-;8;8;7;7;6
"Gael";-;-;-;7;8;10
"Gaetano";5;5;5;-;5;5
"Gafur";11;12;14;13;12;12
"Gafurr";-;-;5;5;6;6
"Gaj";158;181;197;207;216;228
"Gajo";12;12;12;11;10;10
"Gajur";10;10;10;10;10;10
"Gal";1022;1199;1362;1528;1665;1834
"Galib";19;18;21;18;18;17
"Gall";5;5;5;5;6;6
"Gani";58;63;68;63;60;61
"Gašpar";7;5;6;5;5;6
"Gašper";4577;4749;4901;5021;5119;5249
"Gašper Miha";-;-;-;5;5;5
"Gavril";-;-;-;6;-;-
"Gavrilo";14;14;14;15;14;14
"Gavro";20;20;20;20;19;19
"Gazi";6;6;7;7;7;6
"Gazmen";10;12;10;10;9;8
"Gazmend";36;46;51;48;45;47
"Genc";-;-;-;5;-;-
"Gent";-;5;5;6;7;5
"Gentian";7;7;8;7;9;10
"Gentrit";7;9;10;10;12;11
"Georg";37;38;38;36;37;38
"George";21;18;17;20;22;24
"Georgi";15;16;18;19;26;28
"Georgij";9;9;9;9;9;9
"Georgije";6;5;5;5;-;-
"Gerald";7;7;7;6;6;6
"Gerasim";-;-;-;-;5;5
"Gerd";5;-;-;-;-;-
"Gerhard";34;35;38;37;37;35
"German";5;5;5;6;6;6
"Geza";268;257;246;239;227;219
"Gezim";29;33;38;37;36;33
"Gheorghe";5;7;6;5;6;5
"Giancarlo";5;5;5;6;7;6
"Gianfranco";15;16;15;15;16;16
"Giani";9;9;9;9;9;9
"Gianluca";8;9;8;10;7;11
"Gianni";23;23;23;24;22;22
"Gilbert";5;5;5;5;5;5
"Gino";31;30;30;30;30;30
"Giordano";8;9;8;8;7;8
"Giorgio";28;29;30;29;30;30
"Giovanni";30;29;29;29;30;35
"Giuliano";15;16;16;16;16;16
"Giulio";9;8;10;8;10;8
"Giuseppe";30;30;27;28;33;34
"Gjelbrim";-;-;7;-;-;-
"Gjevat";-;5;6;7;6;6
"Gjoko";-;5;7;6;8;8
"Gjorgi";8;8;11;10;9;9
"Gjorgje";5;7;6;5;5;5
"Gjorgji";10;10;12;14;14;16
"Gjuro";13;12;12;12;12;12
"Gleb";-;-;-;-;-;6
"Glen";9;11;11;12;12;14
"Gligor";16;17;18;19;18;18
"Goce";55;55;60;57;53;52
"Gojko";221;223;228;216;215;212
"Gojmir";31;30;29;29;28;27
"Golub";9;10;10;11;11;11
"Goran";3093;3102;3222;3199;3221;3269
"Gorancho";7;6;10;14;15;16
"Goranèo";15;13;11;7;7;5
"Gorazd";2415;2418;2414;2412;2408;2401
"Gordan";148;151;152;150;151;152
"Gordon";5;5;5;5;-;-
"Gorgi";7;7;7;7;7;7
"Gorjan";-;5;-;-;5;5
"Gostimir";32;34;35;33;33;31
"Gosto";9;9;8;8;8;8
"Gotard";6;6;6;6;6;6
"Gotse";-;-;-;5;6;5
"Gottfried";5;-;5;-;-;-
"Graciano";6;6;6;6;6;6
"Gracijan";14;14;14;14;14;13
"Gracijano";7;7;7;7;7;7
"Gradimir";26;25;27;28;31;30
"Granit";7;8;12;12;15;17
"Grega";1267;1289;1309;1316;1324;1335
"Gregi";-;-;-;6;6;6
"Gregor";9536;9555;9563;9564;9565;9555
"Gregorij";24;25;24;25;23;24
"Gregory";-;5;5;-;-;-
"Grga";9;9;9;9;9;9
"Grgo";7;7;7;7;7;7
"Griša";16;16;16;16;16;16
"Grozdan";38;39;38;36;34;32
"Grujica";6;7;6;7;7;7
"Grujo";13;12;14;12;11;11
"Guenter";8;-;-;-;-;-
"Guerino";24;23;23;22;22;21
"Guido";30;30;30;29;29;26
"Gustav";49;46;43;41;40;41
"Gusti";10;10;10;10;10;10
"Gustl";6;5;5;5;5;5
"Gverino";14;14;13;13;13;13
"Gvido";185;184;181;176;175;173
"Gvidon";22;22;22;19;17;17
"Gvozden";9;9;9;7;8;8
"Gzim";32;34;33;34;31;30
"Gábor";-;-;-;-;-;5
"Günter";-;7;7;7;7;7
"Gyula";9;9;7;7;7;9
"György";-;-;-;-;-;5
"Habib";26;29;28;26;26;26
"Hadis";20;24;28;33;31;31
"Hadži";5;5;-;-;-;-
"Hadžib";6;5;5;5;-;-
"Hadžo";5;5;5;5;5;-
"Hafir";5;5;-;-;-;-
"Hafiz";6;6;7;7;6;6
"Hagji";8;8;5;5;6;5
"Hajdar";16;16;17;16;16;16
"Hajdin";13;13;16;16;17;17
"Hajradin";9;10;9;9;8;8
"Hajredin";7;8;9;9;9;9
"Hajri";5;6;5;5;5;5
"Hajriz";21;23;21;18;19;20
"Hajro";31;32;33;31;31;31
"Hajrudin";203;192;207;198;199;205
"Hajrullah";6;5;5;7;7;7
"Hajrush";8;10;9;10;10;11
"Hajzer";10;8;7;7;6;6
"Haki";33;36;36;32;31;30
"Hakif";-;-;5;5;-;6
"Hakija";63;60;63;61;59;60
"Hakim";7;7;5;5;5;-
"Halid";107;111;123;124;128;126
"Halil";125;134;144;137;133;136
"Halim";41;45;42;42;43;42
"Halit";12;15;18;18;17;16
"Haljilj";8;8;7;6;5;5
"Hamdi";33;39;39;36;37;37
"Hamdija";161;170;169;168;162;168
"Hamdo";25;21;21;20;22;21
"Hamed";17;18;18;18;18;17
"Hamez";-;-;5;5;7;7
"Hamid";61;64;68;66;60;59
"Hamit";23;22;26;25;25;25
"Hamo";8;9;9;9;8;8
"Hamza";30;35;38;40;45;50
"Hamzalija";17;15;17;16;14;14
"Hamzi";-;-;-;5;5;-
"Hamzo";12;12;11;11;11;11
"Han";6;6;6;6;7;6
"Hanan";-;6;6;6;6;7
"Hano";6;6;6;6;5;5
"Hans";10;11;11;11;12;14
"Hans Peter";7;6;7;7;8;7
"Haradin";5;5;-;-;-;-
"Harald";13;14;14;14;14;14
"Hari";46;48;47;48;47;48
"Harij";12;12;11;11;11;10
"Haris";398;406;436;438;443;454
"Hariz";31;28;31;30;30;27
"Harun";34;39;44;50;53;61
"Hasan";764;751;813;782;781;770
"Hase";75;72;82;78;77;78
"Hashim";7;10;11;10;12;13
"Hasib";196;189;200;198;190;188
"Hasim";26;20;22;21;21;19
"Hasko";-;5;-;5;-;-
"Haso";16;16;14;15;15;14
"Hašim";98;95;101;100;95;93
"Hazbi";6;5;6;6;6;6
"Hazbija";-;-;-;5;5;5
"Hazim";178;177;191;188;184;188
"Hazir";20;22;25;23;24;24
"Haxhi";45;45;48;49;50;50
"Heinrich";5;6;6;6;7;7
"Heinz";5;5;5;5;-;-
"Hektor";5;5;6;6;6;6
"Heliodor";5;5;5;5;5;5
"Helmut";70;72;71;70;71;69
"Henri";8;8;8;8;8;9
"Henrih";27;25;23;23;23;22
"Henrik";555;544;530;517;504;490
"Henry";7;7;7;7;7;7
"Herbert";77;77;75;74;73;72
"Herman";675;655;642;628;618;604
"Herolind";7;8;8;8;9;7
"Hetem";13;15;15;16;16;14
"Hidajet";41;40;41;43;39;43
"Hieronim";15;15;15;13;12;12
"Hijeronim";11;9;10;10;9;9
"Hikmet";21;20;23;23;23;22
"Hilarij";32;31;31;30;27;27
"Hilmi";5;5;7;6;6;5
"Hilmija";57;54;59;58;57;57
"Hilmo";24;25;23;25;23;24
"Himzo";57;53;56;55;54;55
"Hinko";257;252;252;246;240;232
"Hisen";13;13;16;14;14;14
"Hisni";9;9;8;8;10;10
"Horst";11;12;11;12;11;10
"Hotimir";16;16;17;16;17;17
"Hrabroslav";10;10;9;9;9;9
"Hranislav";18;18;17;16;17;16
"Hristijan";11;12;17;17;20;21
"Hruste";5;5;-;-;-;-
"Hrvoje";52;50;51;52;52;54
"Hubert";129;123;120;119;114;115
"Hugo";82;87;85;85;90;89
"Hugon";7;7;7;7;7;6
"Humbert";12;12;12;12;11;11
"Hurem";-;-;5;-;-;-
"Huse";71;70;79;78;75;78
"Husein";455;462;494;479;468;460
"Husejin";73;73;74;68;70;67
"Husejn";47;45;48;45;44;44
"Huska";7;8;8;9;8;7
"Husmir";7;7;9;10;10;10
"Husnija";104;108;113;114;112;109
"Huso";72;75;80;76;75;69
"Husref";5;6;6;5;-;-
"Huzeir";9;8;8;8;8;8
"Hysen";23;23;22;26;23;24
"Hysni";22;25;29;28;28;23
"Ian";121;151;175;218;246;290
"Ibish";-;-;6;5;6;6
"Ibraga";7;8;8;8;8;8
"Ibrahim";594;586;628;600;592;584
"Ibraim";19;21;22;21;20;19
"Ibrišim";5;5;5;5;-;5
"Ibro";121;124;133;126;121;121
"Idris";13;13;11;14;14;14
"Idriz";107;105;119;113;112;112
"Ifet";22;26;26;25;25;25
"Ignac";1023;998;970;954;929;907
"Ignacij";359;342;331;316;302;289
"Ignacije";8;6;6;5;5;5
"Ignjat";8;8;8;8;8;8
"Igo";6;6;6;5;5;6
"Igor";8465;8458;8474;8460;8451;8423
"Igor Janez";5;5;5;5;5;5
"Igorcho";-;-;5;6;7;7
"Igorèo";6;8;6;-;-;-
"Ihor";6;5;5;-;5;-
"Ijan";5;5;5;6;6;7
"Ikmet";-;5;5;5;-;-
"Ilan";-;-;6;11;14;22
"Ilaz";16;20;20;19;16;18
"Ilber";10;10;10;11;11;11
"Ilcho";5;-;5;-;6;8
"Ilèo";12;12;9;8;7;7
"Ile";14;16;12;10;11;13
"Ilfad";25;25;32;31;31;30
"Ilhan";-;5;6;8;10;11
"Ilia";-;-;-;-;-;6
"Ilija";624;620;616;603;596;582
"Ilijas";9;10;11;10;11;12
"Ilijaz";15;16;17;16;16;16
"Ilir";59;64;73;65;63;63
"Ilirjan";-;-;5;5;5;6
"Iliya";-;-;-;5;-;-
"Ilj";9;9;10;10;10;10
"Ilja";-;5;-;-;-;-
"Iljas";5;6;6;6;7;8
"Iljaz";20;17;17;17;16;15
"Iljir";6;-;-;-;-;-
"Iljo";8;7;7;8;8;8
"Ilko";6;6;6;6;6;6
"Ilmi";14;14;18;15;13;14
"Ilmija";7;7;6;6;5;6
"Ilo";-;5;-;5;5;5
"Ilya";-;-;-;-;-;5
"Imad";-;-;-;-;-;5
"Imer";60;65;66;64;58;58
"Imran";11;15;15;14;15;20
"Imre";36;37;37;36;35;34
"Imri";6;6;8;7;6;7
"Inas";6;6;6;8;9;13
"Indir";14;13;13;12;16;15
"Ines";-;-;-;5;5;7
"Ingo";13;14;14;13;13;12
"Inko";6;6;6;6;6;6
"Ino";17;18;18;19;21;21
"Inti";5;6;6;7;7;7
"Ion";12;14;15;16;14;17
"Irenej";39;42;47;50;51;56
"Irfan";121;123;133;124;124;127
"Irfet";11;10;12;12;13;14
"Irhad";-;5;6;-;-;-
"Irman";-;5;5;-;5;5
"Irnad";6;-;5;-;6;8
"Irnes";21;24;31;28;30;30
"Irvin";7;7;7;8;8;8
"Isa";27;34;35;37;36;36
"Isad";6;7;6;6;6;6
"Isak";43;50;51;50;50;55
"Isen";16;17;20;20;19;19
"Ishak";11;9;14;17;21;23
"Isidor";5;5;6;6;6;5
"Islam";58;60;63;57;58;54
"Isljam";-;-;5;-;-;-
"Ismail";51;50;62;58;61;66
"Ismailj";9;9;9;9;8;9
"Ismajl";10;14;13;13;13;14
"Ismar";11;10;12;12;14;14
"Ismet";644;640;679;641;628;618
"Ismir";10;11;10;10;10;10
"Isni";7;7;6;6;6;6
"Iso";20;22;23;22;23;23
"Istok";123;123;121;119;117;116
"Istref";16;18;21;17;17;16
"Istvan";37;12;13;12;11;9
"István";-;25;26;28;23;19
"Isuf";37;32;36;31;32;32
"Ištvan";43;39;36;34;33;32
"Italo";9;8;7;7;8;8
"Ivan";22043;21555;21089;20624;20156;19678
"Ivan Alojzij";5;5;5;5;-;-
"Ivan Andrej";11;8;8;8;7;7
"Ivan Anton";14;14;13;13;11;12
"Ivan Emil";7;5;5;5;-;-
"Ivan Franc";14;13;13;12;12;12
"Ivan Jakob";7;7;7;8;7;7
"Ivan Janez";20;20;19;19;18;17
"Ivan Janko";7;7;7;8;8;7
"Ivan Jože";5;5;5;5;5;5
"Ivan Jožef";21;21;19;18;18;17
"Ivan Marijan";5;5;5;5;5;5
"Ivan Marjan";16;15;15;15;15;15
"Ivan Martin";5;5;5;5;5;5
"Ivan Milan";8;7;6;5;5;5
"Ivan Pavel";5;-;-;-;-;-
"Ivan Peter";12;12;12;11;10;10
"Ivan Stanislav";10;9;9;9;9;8
"Ivan Vladimir";5;5;5;5;-;-
"Ivano";8;10;15;17;27;29
"Ive";14;14;14;14;14;14
"Ivica";536;541;557;548;563;561
"Ivko";15;15;15;16;16;16
"Ivo";1092;1089;1088;1077;1070;1067
"Ivor";12;12;14;15;17;17
"Izak";126;151;192;222;267;319
"Izeir";-;-;6;-;-;-
"Izer";-;-;-;5;-;-
"Izet";337;343;363;361;360;358
"Izidor";952;949;937;933;930;924
"Izo";6;5;6;6;6;6
"Iztok";3152;3150;3148;3142;3142;3125
"Izudin";92;81;96;92;93;94
"Jacques";5;6;6;7;5;6
"Jadran";282;279;277;281;273;272
"Jadranko";43;41;45;44;43;46
"Jago";10;10;10;9;9;9
"Jagoš";12;11;13;13;12;12
"Jahija";5;-;-;-;-;-
"Jahir";15;18;17;15;15;16
"Jak";8;8;8;10;10;10
"Jaka";3528;3729;3922;4121;4296;4484
"Jakec";18;18;18;18;18;17
"Jaki";9;8;8;8;9;9
"Jako";10;10;10;11;11;11
"Jakob";3335;3517;3692;3865;3999;4194
"Jakob Aljaž";-;-;-;-;6;6
"Jakob Franc";9;9;9;9;9;9
"Jakob Gal";-;6;6;6;6;7
"Jakob Janez";5;6;6;6;6;6
"Jakob Martin";-;-;5;5;5;5
"Jakob Rado";10;10;10;10;10;10
"Jakob Radoslav";6;6;6;5;-;-
"Jakob Vid";-;5;5;5;5;5
"Jakov";65;63;67;71;74;77
"Jakša";7;7;7;8;9;9
"Jakub";21;21;22;22;22;26
"Jakup";32;32;36;34;36;36
"Jalen";8;10;13;14;18;21
"Jamin";5;6;6;6;6;6
"Jan";6293;6559;6776;6980;7217;7407
"Jan Janez";-;-;-;5;5;5
"Jan Luka";13;16;17;17;19;20
"Jan Mark";-;-;-;-;5;5
"Jan Martin";6;6;6;7;7;7
"Jan Peter";6;6;6;6;6;6
"Jan Žan";5;5;5;5;5;5
"Janèi";7;7;7;7;7;7
"Jandre";5;5;6;6;6;5
"Jandro";-;-;5;5;5;5
"Jane";22;24;24;23;24;26
"Janej";7;11;11;13;15;15
"Janek";8;8;8;8;8;8
"Janez";25489;25028;24577;24131;23690;23253
"Janez Alojzij";5;-;-;5;5;5
"Janez Andrej";8;8;8;8;8;8
"Janez Anton";12;12;12;12;11;11
"Janez Franc";18;18;18;18;17;18
"Janez Gregor";5;5;5;5;5;5
"Janez Ivan";18;18;17;17;16;16
"Janez Jan";9;10;10;11;10;10
"Janez Jani";11;9;10;10;10;10
"Janez Janko";6;6;6;6;5;5
"Janez Jože";5;5;5;5;5;5
"Janez Jožef";11;11;11;10;8;8
"Janez Marjan";12;12;11;11;10;8
"Janez Marko";6;-;-;-;-;-
"Janez Martin";5;-;-;-;-;-
"Janez Matija";5;5;5;-;5;5
"Janez Pavel";7;7;7;7;7;8
"Janez Peter";15;14;14;14;14;14
"Janez Stanislav";11;11;11;11;10;10
"Janez Tomaž";5;5;5;5;5;5
"Jani";957;965;971;979;990;994
"Janik";18;20;21;23;23;25
"Janin";9;9;9;10;10;10
"Janislav";26;26;27;27;27;27
"Janko";4615;4580;4542;4508;4470;4423
"Jannik";5;5;5;6;5;5
"Jano";14;13;13;13;13;13
"Janos";28;9;8;9;8;6
"Janoš";80;81;81;80;80;79
"Januš";63;64;66;70;69;72
"Januz";13;12;15;17;15;14
"Janž";19;22;25;27;27;27
"Janže";31;32;32;32;32;31
"Jaro";26;26;28;29;29;33
"Jaroslav";76;73;71;70;68;66
"Jaroš";30;30;30;31;31;32
"Jasenko";11;11;11;11;11;12
"Jaser";5;5;5;6;7;7
"Jashar";9;10;8;11;12;12
"Jasim";25;26;27;26;24;22
"Jasin";12;16;16;16;17;21
"Jasmin";981;1018;1079;1074;1056;1067
"Jasminko";11;11;11;11;11;11
"Jasmir";12;11;12;11;11;11
"Jaš";30;35;40;52;57;65
"Jaša";379;426;483;530;561;608
"Javor";7;7;8;9;9;9
"Jean";38;40;39;40;39;38
"Jean Luc";5;-;-;-;-;-
"Jean Luka";-;5;5;6;6;6
"Jefto";-;-;7;6;6;-
"Jelenko";69;66;72;71;71;71
"Jelko";57;56;56;55;54;53
"Jemin";9;9;11;11;9;11
"Jenoe";10;-;-;-;-;-
"Jenõ";-;6;6;6;5;-
"Jeremija";6;7;8;8;8;8
"Jerko";50;48;49;49;49;47
"Jernej";5670;5698;5721;5745;5765;5763
"Jernej Nejc";10;10;10;10;10;10
"Jeronim";15;14;14;14;14;13
"Jesenko";6;6;7;7;8;8
"Jetish";5;-;6;5;5;5
"Jetmir";33;44;51;46;48;54
"Jeton";61;68;83;75;79;73
"Jetullah";-;5;6;6;6;6
"Jevrem";5;5;5;-;-;-
"Jevto";12;12;13;12;12;12
"Jezdimir";8;9;9;9;7;8
"Jie";-;-;-;-;-;5
"Joahim";11;9;9;9;9;8
"Job";29;34;39;40;41;45
"Joce";6;7;7;7;6;7
"Joco";16;22;19;21;21;20
"Joel";6;6;6;6;6;8
"Johan";30;30;30;33;33;32
"Johann";23;22;24;23;30;25
"Johannes";7;6;6;6;7;7
"John";21;19;22;21;21;18
"Jon";267;302;343;382;420;456
"Jona";12;17;17;18;18;22
"Jonas";30;38;38;46;54;59
"Jonatan";44;48;55;63;67;75
"Jonathan";7;6;7;10;10;9
"Jonche";-;-;-;-;8;8
"Jonèe";9;11;10;6;-;-
"Joni";-;-;-;5;5;5
"Jonus";5;-;-;-;-;-
"Jonuz";9;7;7;8;6;7
"Jordan";228;226;226;223;220;221
"Jordanèo";5;-;5;5;5;-
"Jorg";10;11;13;13;14;14
"Jos";5;6;6;6;6;6
"Josef";25;23;19;23;23;19
"Joseph";10;11;11;11;12;11
"Joshua";-;-;6;7;6;10
"Josif";12;11;12;10;12;10
"Josip";2290;2265;2237;2173;2128;2072
"Joso";53;51;51;48;47;46
"Joško";815;811;808;801;798;781
"Jošt";420;458;503;540;564;588
"Jovan";431;438;441;440;449;448
"Jovica";132;122;139;138;136;139
"Jovo";222;223;232;228;227;227
"Jozef";39;25;26;36;27;28
"Jozo";248;246;243;235;229;227
"Jozsef";56;7;6;8;6;-
"Joža";53;54;52;51;51;51
"Jože";16137;15921;15743;15559;15335;15129
"Jože Andrej";7;6;6;6;-;-
"Jože Ivan";6;6;6;5;5;-
"Jože Janez";6;6;6;6;6;6
"Jože Peter";5;5;5;5;5;5
"Jože Stanislav";6;5;5;5;-;-
"Jožef";21315;20700;20046;19421;18793;18083
"Jožef Aleksander";5;5;5;5;5;5
"Jožef Alojz";8;7;7;7;7;7
"Jožef Alojzij";6;6;6;6;6;6
"Jožef Anton";25;23;21;19;19;18
"Jožef Božidar";5;5;5;5;5;5
"Jožef Ciril";8;8;8;6;6;6
"Jožef Franc";19;19;19;19;17;14
"Jožef Ivan";15;15;15;14;13;13
"Jožef Janez";9;9;9;9;9;9
"Jožef Karol";5;5;5;-;-;-
"Jožef Marijan";6;6;6;6;6;6
"Jožef Marjan";14;13;13;13;12;12
"Jožef Martin";12;11;11;11;11;10
"Jožef Milan";6;6;6;6;6;5
"Jožef Pavel";8;7;6;6;6;6
"Jožef Peter";10;11;9;9;8;8
"Jožef Stanislav";11;11;10;10;10;9
"Jožek";122;121;121;119;118;118
"Joži";21;21;22;22;22;22
"Jožko";345;344;341;340;339;336
"Juan";6;5;-;-;-;-
"Juergen";11;-;-;-;-;-
"Jugoslav";36;31;34;32;36;35
"Jule";6;6;6;6;6;6
"Julian";32;32;39;49;56;60
"Julij";232;236;228;226;223;221
"Julijan";312;314;315;323;332;340
"Julijo";5;5;5;5;-;5
"Julius";5;6;6;7;6;6
"Juljan";7;7;7;7;6;6
"Julko";6;6;6;6;5;5
"Jun";-;-;-;-;-;5
"Junuz";12;12;13;11;11;11
"Jur";5;5;6;6;6;6
"Jura";8;8;8;8;8;8
"Juraj";136;135;130;125;120;116
"Jurèe";6;5;5;5;5;5
"Jurèek";118;116;117;115;114;113
"Jure";6579;6705;6831;6931;7037;7092
"Juri";15;17;19;20;22;23
"Jurica";28;27;30;29;29;30
"Jurij";2974;2991;3005;3014;3032;3058
"Jurij Marko";7;7;7;7;7;7
"Jurko";24;24;24;24;24;24
"Juro";82;81;82;84;83;82
"Jusmir";5;5;7;7;7;6
"Juso";44;45;44;42;41;39
"Just";29;28;27;26;26;28
"Justin";131;131;126;124;123;121
"Jusuf";200;198;210;205;198;200
"Juš";188;200;208;224;236;255
"Ján";-;5;-;-;-;-
"János";-;17;16;15;14;12
"Jürgen";-;12;11;10;9;12
"József";-;47;46;49;45;46
"Kaan";-;-;-;6;7;9
"Kabir";-;-;-;5;5;-
"Kadir";18;20;22;23;24;23
"Kadri";36;36;35;33;32;32
"Kadrija";15;13;15;14;14;14
"Kai";22;26;31;39;43;53
"Kaj";10;11;12;13;14;14
"Kajetan";41;41;42;46;48;54
"Kajtaz";-;-;-;5;-;5
"Kajtimir";6;6;6;6;6;6
"Kal";6;6;7;8;10;10
"Kalman";8;7;6;6;6;6
"Kamber";6;5;5;5;6;6
"Kamel";-;-;5;5;5;5
"Kamenko";8;9;8;8;8;9
"Kamer";12;12;13;11;11;10
"Kamil";25;21;21;19;19;19
"Kamilo";34;34;33;32;31;29
"Kan";-;-;-;-;11;18
"Kancijan";7;7;7;6;6;7
"Kanija";12;10;8;7;7;6
"Kapllan";-;-;-;-;5;5
"Karel";1689;1636;1584;1550;1517;1482
"Karel Drago";8;8;8;9;8;8
"Karel Dragotin";5;5;-;-;-;-
"Karim";26;27;28;28;33;35
"Karl";1289;1242;1211;1171;1140;1111
"Karl Drago";12;11;10;10;10;10
"Karli";66;66;66;66;67;67
"Karlo";359;357;351;345;336;332
"Karlo Drago";5;5;5;5;5;5
"Karmel";5;-;-;-;-;-
"Karol";838;812;782;745;705;671
"Karol Drago";9;8;7;7;7;6
"Karolj";9;9;8;8;8;7
"Karpo";-;-;-;5;5;5
"Kasim";168;160;174;163;163;162
"Kasper";-;-;-;6;7;8
"Kastriot";13;16;21;18;17;21
"Kazim";6;5;5;5;-;-
"Kazimir";195;190;185;182;177;174
"Kebir";5;5;5;5;5;5
"Kemajl";7;8;6;7;6;6
"Kemal";162;164;177;181;178;173
"Kemo";10;9;9;9;9;9
"Ken";15;15;16;16;16;17
"Kenad";6;6;5;5;5;5
"Kenan";134;135;155;159;169;181
"Keni";8;8;8;8;8;8
"Kenin";5;5;5;5;5;5
"Kenny";5;5;5;5;6;6
"Kerim";15;14;13;14;17;16
"Kevin";493;527;558;579;602;627
"Kian";9;10;13;19;24;29
"Kiar";7;8;9;10;11;12
"Kilian";-;-;5;5;5;-
"Kim";9;10;11;12;11;12
"Kimi";21;25;26;27;29;31
"Kircho";-;-;-;5;7;9
"Kirèo";8;6;7;6;-;-
"Kire";5;6;6;5;5;8
"Kiril";18;17;18;20;20;22
"Kiro";26;24;30;30;29;32
"Kjanija";-;-;-;-;-;5
"Kjemal";-;-;-;-;5;-
"Klas";10;10;10;11;11;11
"Klaudij";12;12;11;10;10;9
"Klaudijo";12;12;12;12;13;13
"Klaudio";48;49;47;47;47;47
"Klaus";13;13;12;12;11;12
"Klavdi";8;8;8;8;8;8
"Klavdij";306;304;302;299;298;297
"Klavdijo";89;89;89;88;87;87
"Klavdio";14;15;15;15;15;14
"Klemen";5862;5933;5984;6029;6060;6104
"Klement";22;22;22;22;22;20
"Klime";5;-;-;-;-;-
"Kliment";-;6;6;9;10;10
"Koce";11;9;9;7;8;8
"Kojo";7;7;7;7;7;5
"Kole";14;11;12;12;12;12
"Kolja";15;17;20;22;25;28
"Koljo";6;8;-;-;-;-
"Koloman";134;131;126;119;115;109
"Konrad";714;689;666;654;627;613
"Konstantin";28;27;28;25;26;27
"Korab";-;-;6;5;5;5
"Korado";9;9;9;9;8;8
"Kosta";53;54;57;57;64;60
"Kostadin";24;23;25;26;25;25
"Kostantin";7;6;6;6;6;6
"Kostja";44;45;45;46;47;47
"Kosto";5;-;-;-;-;-
"Kras";-;-;-;5;7;7
"Krenar";7;5;10;15;14;13
"Kreshnik";6;8;7;7;8;8
"Krešimir";75;75;77;78;81;80
"Krešo";21;22;22;21;21;23
"Kris";92;100;108;111;123;148
"Kristan";14;14;14;14;14;16
"Kristian";338;347;365;374;382;388
"Kristijan";1190;1198;1224;1236;1261;1272
"Kristjan";1950;1991;2045;2091;2118;2151
"Kristl";12;12;11;11;11;11
"Kristo";5;5;-;5;5;-
"Kristofer";7;8;9;9;9;9
"Krištof";149;157;162;173;179;187
"Krsta";12;12;12;12;12;12
"Krstan";20;18;20;20;20;20
"Krste";16;20;19;19;19;21
"Krsto";39;37;40;36;38;34
"Krume";11;11;11;10;10;10
"Krunislav";5;5;-;-;-;-
"Kruno";10;10;9;9;8;9
"Krunoslav";60;64;64;63;66;70
"Ksaver";10;10;11;13;14;16
"Kujtim";43;45;57;52;56;58
"Kurt";8;8;9;10;9;8
"Kushtrim";18;19;29;30;31;31
"Kuzman";7;8;7;8;7;7
"Kvirin";8;7;7;6;6;6
"Labinot";24;33;38;32;30;32
"Laci";6;5;5;5;5;5
"Ladi";6;5;5;5;5;5
"Ladimir";8;8;8;8;8;7
"Ladislav";1403;1371;1337;1314;1277;1238
"Ladko";19;18;18;18;18;17
"Lado";197;200;197;196;196;196
"Lajos";9;11;10;8;7;7
"Lajoš";8;8;7;7;7;7
"Lamar";6;6;6;8;8;11
"Lambert";10;10;10;9;9;8
"Lan";614;751;877;1000;1141;1259
"Lanej";-;6;7;7;7;8
"Lar";-;6;8;9;9;9
"Laren";9;10;10;10;11;12
"Lari";6;6;6;6;7;6
"Laris";8;10;11;14;15;18
"Lars";37;46;53;57;68;80
"Laslo";13;15;16;15;15;12
"Laste";8;9;9;9;8;9
"Laszlo";33;6;6;6;8;7
"Latif";53;52;59;58;55;54
"Laurent";5;-;-;-;-;-
"Lauro";5;5;5;5;5;5
"Lavdim";7;10;15;13;13;18
"Lavdrim";6;6;6;6;7;7
"Lavrencij";18;17;17;17;16;15
"Lazar";148;145;146;151;149;156
"Laze";-;5;8;7;7;6
"Lazo";83;81;80;78;74;76
"Lean";6;6;6;6;6;7
"Leander";22;22;25;25;25;25
"Leandro";-;6;5;-;-;5
"Leart";-;-;5;10;14;17
"Ledion";-;-;6;5;9;13
"Lejon";-;-;-;-;-;5
"Lejs";-;-;5;5;5;5
"Lenard";22;22;21;20;20;20
"Lenart";441;473;497;525;555;596
"Lenko";6;5;5;5;6;5
"Leo";238;255;286;314;337;363
"Leon";2380;2468;2556;2645;2703;2782
"Leonard";109;113;116;125;126;132
"Leonardo";104;108;115;120;125;130
"Leonel";-;-;-;-;6;6
"Leonid";22;23;25;26;28;32
"Leonis";-;-;-;6;5;6
"Leonit";-;5;7;7;10;10
"Leopold";1958;1896;1833;1776;1722;1660
"Leopold Franc";5;5;5;5;5;5
"Leotrim";8;8;15;19;16;15
"Leutrim";13;11;16;18;18;19
"Lev";82;94;115;133;143;166
"Levin";8;9;9;9;10;11
"Levko";5;5;5;5;5;5
"Li";-;-;5;-;-;-
"Liam";74;106;142;186;247;298
"Lian";25;38;47;62;79;93
"Libero";17;16;15;15;15;15
"Liljan";-;5;5;5;5;5
"Liman";24;24;26;28;27;24
"Limon";5;6;-;-;-;-
"Lin";38;42;50;59;66;75
"Lino";56;55;54;54;54;53
"Lion";-;-;-;-;6;9
"Lionel";-;-;-;11;15;17
"Liridon";42;48;68;57;54;59
"Lirim";24;26;27;31;28;31
"Livij";5;5;-;-;-;-
"Livijo";33;33;32;32;33;32
"Livio";21;22;22;24;24;26
"Ljirim";-;-;-;-;5;-
"Ljuan";8;7;6;5;6;5
"Ljuban";52;53;51;51;51;50
"Ljubèo";5;-;-;-;-;-
"Ljube";10;10;11;11;11;10
"Ljuben";10;9;9;10;9;9
"Ljubinko";45;47;46;46;47;49
"Ljubisav";19;19;19;17;15;16
"Ljubislav";5;5;5;5;5;5
"Ljubiša";261;270;278;279;277;272
"Ljubko";13;12;13;13;12;12
"Ljubo";559;548;547;545;537;532
"Ljubodrag";6;8;8;8;7;7
"Ljubomir";628;619;615;598;590;584
"Ljuboslav";16;15;15;15;15;15
"Ljudevit";44;44;41;41;39;38
"Ljuljzim";12;9;12;8;6;6
"Ljupcho";-;6;9;16;19;23
"Ljupèo";42;38;42;35;29;27
"Ljupko";6;6;6;6;7;7
"Lojze";208;204;202;201;201;201
"Lojzek";9;9;9;9;9;9
"Lokman";7;7;7;7;7;7
"Loredano";5;5;5;5;5;5
"Loren";7;7;8;8;9;10
"Lorenc";7;7;7;7;6;6
"Lorenzo";14;14;13;15;17;15
"Lorik";7;9;10;12;15;16
"Loris";53;56;57;58;59;64
"Lovre";11;11;11;12;12;13
"Lovrenc";290;290;282;276;277;277
"Lovrencij";27;26;25;24;24;24
"Lovro";1104;1214;1342;1476;1600;1725
"Luan";25;28;37;35;38;42
"Lube";6;-;-;-;-;-
"Lubomir";11;13;-;7;-;-
"Luc";15;18;22;21;21;22
"Luca";54;58;56;55;57;59
"Lucas";33;34;44;54;63;78
"Lucian";17;19;21;26;28;31
"Luciano";37;37;37;37;37;39
"Lucijan";286;290;288;289;290;294
"Lucijano";5;5;5;5;5;5
"Lucio";7;9;7;7;6;7
"Lucjan";40;40;41;41;42;42
"Luèano";20;21;21;21;21;21
"Luèko";5;5;5;5;5;5
"Luèo";5;5;5;5;6;6
"Ludovik";152;147;139;132;123;112
"Ludvig";8;7;7;7;7;8
"Ludvik";2475;2397;2331;2275;2214;2142
"Luigi";11;10;11;11;11;11
"Luis";-;-;-;5;5;5
"Luka";9463;9846;10222;10589;10916;11174
"Luka Aleksander";5;5;6;8;8;8
"Luka Gal";6;6;6;6;6;6
"Luka Martin";8;8;8;8;8;8
"Lukas";143;175;213;250;294;330
"Lukec";7;7;7;7;7;7
"Lulzim";55;62;65;71;71;72
"Lumni";-;8;7;5;5;5
"Lun";12;14;18;20;24;27
"Lupèo";6;9;6;5;5;5
"Lutfi";16;14;15;17;18;18
"Lutvo";6;6;6;5;-;-
"László";-;29;32;37;29;32
"Lyupcho";5;-;-;-;9;5
"Mahir";19;17;26;25;27;28
"Mahmut";57;59;56;56;52;51
"Maho";5;7;7;7;6;6
"Mai";88;118;149;183;209;231
"Maid";19;20;31;32;37;43
"Maik";5;6;7;11;12;17
"Maj";918;1054;1180;1300;1435;1550
"Maj Luka";-;-;-;-;5;5
"Majid";-;6;6;6;5;5
"Majk";23;23;23;25;27;26
"Mak";17;20;24;29;34;35
"Maks";1479;1584;1675;1776;1899;2014
"Maksi";23;23;23;24;24;24
"Maksim";88;98;111;126;136;147
"Maksimilian";16;16;16;17;18;18
"Maksimilijan";418;404;391;383;372;365
"Maksimiljan";1165;1150;1124;1089;1068;1044
"Maksut";5;5;5;5;6;7
"Maksym";-;-;-;-;-;5
"Malik";8;9;13;15;18;24
"Malin";6;6;7;7;6;7
"Mališa";-;6;6;6;6;5
"Maliæ";7;7;7;6;5;5
"Maliq";-;-;5;5;7;6
"Mane";8;7;8;8;8;7
"Manfred";57;57;56;54;54;50
"Manojlo";8;8;8;8;8;8
"Manu";-;-;5;5;5;5
"Manuel";211;220;228;240;247;253
"Marc";13;15;16;17;17;17
"Marcel";803;852;895;952;993;1041
"Marcello";6;6;6;6;5;6
"Marcelo";-;-;-;-;5;5
"Marco";53;59;60;62;65;69
"Marcus";12;15;13;12;13;14
"Marèel";9;9;9;8;6;5
"Marèelo";28;28;28;28;28;27
"Mare";10;11;10;10;10;10
"Marek";9;8;8;11;6;10
"Marian";21;20;17;17;17;15
"Marij";82;83;78;73;69;65
"Marijan";3518;3476;3424;3378;3326;3254
"Marijan Franc";13;12;10;10;10;9
"Marijan Ivan";5;5;6;5;-;-
"Marijan Janez";6;6;6;6;5;-
"Marijan Jože";6;6;6;6;5;-
"Marijan Jožef";14;14;13;12;10;10
"Marijo";198;195;198;193;191;191
"Marin";130;137;138;136;135;140
"Marinèo";-;5;-;-;-;-
"Marinko";256;252;252;254;258;253
"Marino";386;388;386;391;391;394
"Mario";1370;1378;1391;1396;1406;1433
"Marius";-;-;-;-;5;-
"Marjan";13625;13482;13358;13222;13083;12936
"Marjan Alojz";5;5;5;-;-;-
"Marjan Andrej";5;5;5;-;-;-
"Marjan Anton";10;8;8;8;8;8
"Marjan Franc";15;15;15;15;15;14
"Marjan Ivan";8;9;9;9;9;9
"Marjan Janez";13;13;12;12;12;12
"Marjan Jože";5;5;5;5;5;5
"Marjan Jožef";5;5;5;5;5;5
"Marjan Matevž";5;-;-;-;-;-
"Marjan Peter";5;5;5;5;5;5
"Marjan Stanislav";6;6;6;6;6;6
"Marjanèo";8;10;8;6;5;5
"Marjo";99;95;94;93;90;86
"Mark";1355;1524;1685;1859;2058;2275
"Mark Aleksander";-;5;5;5;-;-
"Mark Antonij";5;5;5;6;6;6
"Mark David";-;-;-;5;5;5
"Marko";17131;17160;17243;17245;17299;17302
"Marko Andrej";6;6;6;6;5;5
"Marko Anton";6;6;6;7;6;6
"Marko Jožef";6;6;6;5;-;-
"Markus";32;32;39;38;37;41
"Marlon";-;-;6;5;5;5
"Marsel";189;197;211;218;224;234
"Mart";7;7;8;8;8;8
"Martel";-;-;-;-;5;5
"Martin";9398;9381;9375;9321;9274;9221
"Martin Anton";7;8;7;7;8;7
"Martin Darko";5;5;5;5;5;5
"Martin Davorin";6;7;7;7;7;7
"Martin Luka";-;-;-;5;5;5
"Marvin";14;15;16;16;17;19
"Maryan";-;5;5;9;11;11
"Masar";5;6;9;9;9;8
"Masimo";6;6;6;6;6;5
"Massimiliano";6;7;7;8;9;9
"Massimo";23;24;23;25;25;29
"Maše";15;15;14;14;11;11
"Mate";62;63;62;61;60;62
"Matej";11579;11668;11733;11791;11831;11860
"Mateja";5;-;-;-;-;5
"Matejko";8;8;8;8;8;8
"Mateo";80;85;92;102;112;125
"Matevž";2567;2654;2731;2796;2879;2947
"Mathias";8;9;11;13;12;11
"Matia";13;14;14;15;17;19
"Matias";23;28;31;33;40;48
"Matic";4946;5146;5338;5550;5735;5903
"Matièek";8;8;7;7;7;7
"Matija";3677;3749;3814;3887;3962;4023
"Matija Franc";5;5;5;5;5;5
"Matija Jožef";7;7;7;7;7;6
"Matija Matic";5;5;5;5;5;5
"Matijas";8;8;9;9;11;11
"Matijaž";9;10;10;10;10;10
"Matis";6;6;6;6;8;8
"Matjaž";9722;9729;9712;9703;9687;9676
"Matjažek";18;18;17;16;16;16
"Matko";47;46;45;46;45;45
"Mato";266;260;256;252;251;244
"Matt";-;-;-;-;6;6
"Matteo";37;41;40;42;44;53
"Matthias";10;9;10;10;8;8
"Mattia";17;17;18;19;24;26
"Matyas";5;-;-;-;-;-
"Maurice";6;6;6;5;5;-
"Mauricij";5;5;5;5;5;5
"Mauricijo";-;-;-;-;5;5
"Mauricio";12;11;12;12;13;13
"Maurizio";34;38;37;39;36;38
"Mauro";43;47;46;46;52;58
"Mavricij";57;56;56;56;57;56
"Mavricijo";8;8;8;9;9;9
"Mazlam";-;5;-;-;-;-
"Max";102;124;141;160;200;217
"May";19;22;24;27;29;34
"Maxim";12;16;19;20;21;29
"Maximilian";19;20;21;23;28;30
"Medard";31;29;29;29;28;28
"Medat";5;-;-;-;-;-
"Medi";-;5;5;-;-;-
"Medin";31;32;39;36;37;39
"Medo";15;15;16;16;15;13
"Medžid";13;14;14;13;13;12
"Mefail";7;6;8;6;5;6
"Mehdi";27;27;31;32;30;32
"Mehdija";-;-;-;5;5;-
"Mehdin";14;13;16;14;17;16
"Mehemed";23;26;27;26;27;28
"Mehmed";536;537;557;545;532;527
"Mehmedalija";76;72;78;76;70;69
"Mehmet";40;45;46;46;44;44
"Meho";213;206;231;225;222;223
"Mehrudin";9;12;14;11;11;12
"Meisad";-;-;5;6;6;5
"Mejaz";-;5;5;-;-;-
"Mejdi";6;8;8;9;9;8
"Mejdin";-;-;6;6;6;6
"Mel";16;16;16;17;18;19
"Meldin";-;-;-;-;-;6
"Melhijor";9;9;9;9;10;8
"Melhior";12;11;11;10;10;10
"Melis";8;8;8;8;9;10
"Melvin";8;9;11;11;12;12
"Memaga";6;5;6;5;6;5
"Memet";12;9;11;11;14;15
"Menan";-;-;5;-;-;-
"Mendim";-;-;-;-;5;7
"Mensud";19;20;20;19;18;18
"Mensur";69;76;79;76;75;80
"Mentor";45;49;59;56;57;55
"Merdan";-;-;5;-;-;-
"Merfin";6;7;7;7;7;7
"Mergim";26;28;30;29;30;30
"Merhan";6;5;6;6;6;6
"Merim";16;15;17;17;17;17
"Meris";26;28;33;33;34;35
"Meriton";8;12;17;18;18;21
"Merlin";8;7;8;8;8;8
"Mersad";46;46;52;53;55;58
"Mersat";-;-;5;5;5;5
"Mersed";29;29;40;37;36;38
"Mersid";6;6;8;8;8;9
"Mersim";21;20;22;21;20;22
"Mersin";5;5;5;6;6;6
"Mersud";28;28;33;35;33;36
"Mersudin";52;50;58;55;52;57
"Mervan";5;5;5;5;5;5
"Merzuk";6;5;6;5;6;-
"Mesud";95;99;100;101;99;98
"Mesut";10;11;10;10;9;10
"Metin";-;6;-;6;8;7
"Metko";12;12;12;12;12;12
"Metod";902;896;894;886;876;868
"Metodi";19;15;18;17;18;19
"Metodija";9;8;9;10;11;11
"Mevlid";10;10;10;10;10;10
"Mevludin";138;147;152;150;153;149
"Mevmed";5;-;-;-;-;-
"Mexhid";-;-;6;-;-;-
"Michael";115;112;116;114;110;102
"Michal";10;9;7;11;10;11
"Michel";60;61;59;57;59;60
"Michele";19;23;24;21;23;23
"Mièo";8;8;8;8;8;8
"Midhad";27;29;31;26;27;27
"Midhat";53;50;57;58;57;57
"Midhet";19;18;19;17;19;17
"Midho";7;7;6;6;6;6
"Mifail";7;7;7;7;7;7
"Miftar";25;28;27;29;27;27
"Miguel";8;9;10;9;9;8
"Miha";8348;8506;8646;8780;8919;9013
"Miha Marko";-;-;-;-;-;5
"Mihad";7;7;8;8;7;8
"Mihael";3729;3702;3661;3610;3565;3525
"Mihael Milan";5;-;-;-;-;-
"Mihai";-;-;-;5;-;-
"Mihail";22;20;22;23;23;26
"Mihailo";54;50;51;50;54;54
"Mihajel";8;8;8;8;8;8
"Mihajilo";11;11;10;10;9;10
"Mihajlo";130;133;146;153;153;166
"Mihal";10;10;10;10;8;9
"Mihalj";45;41;42;41;39;38
"Mihec";77;77;76;76;76;76
"Mihej";-;-;-;5;6;6
"Mihel";5;5;6;6;6;6
"Miho";10;9;10;9;8;7
"Mihovil";15;16;16;15;14;14
"Mihret";20;19;21;18;17;19
"Mihály";-;-;-;6;-;-
"Mijat";14;14;14;14;14;14
"Mijo";270;265;253;248;242;235
"Mijodrag";19;19;20;20;20;20
"Mik";12;12;13;14;15;16
"Mika";13;13;13;15;15;16
"Mikajlo";-;-;-;-;5;-
"Mikan";7;7;8;7;7;7
"Mike";28;28;33;33;34;34
"Mikel";5;7;7;6;7;7
"Mikhail";-;-;5;6;9;11
"Miki";23;23;26;25;30;30
"Mikica";-;-;5;5;5;6
"Miklavž";75;75;74;73;75;76
"Miko";22;24;24;25;25;24
"Miladin";185;188;194;186;186;190
"Milaim";35;41;42;36;36;34
"Milan";12685;12550;12455;12282;12148;11958
"Milan Anton";8;8;8;7;5;-
"Milan Emil";7;7;7;7;7;6
"Milan Franc";10;8;8;8;8;6
"Milan Ivan";6;5;6;5;5;5
"Milan Jožef";5;-;-;-;-;-
"Milanko";73;73;78;76;77;77
"Milazim";20;20;21;21;21;23
"Mile";520;520;544;539;535;541
"Milen";8;6;6;7;6;6
"Milenko";682;674;684;673;664;666
"Mileta";29;29;29;27;25;25
"Milidrag";5;-;-;-;-;-
"Milija";19;19;19;19;18;18
"Milijan";29;27;26;26;26;26
"Milika";-;5;5;5;5;5
"Milimir";-;5;5;5;5;6
"Milinko";27;29;33;32;33;34
"Milisav";43;41;47;43;42;40
"Milivoj";306;304;303;298;295;292
"Milivoje";145;147;148;143;142;142
"Miliæ";23;23;21;22;23;23
"Miljaim";-;6;-;-;-;-
"Miljan";33;39;42;41;45;48
"Miljenko";72;73;77;79;78;78
"Milko";226;229;226;223;216;213
"Milo";20;21;20;21;21;20
"Milodrag";11;11;11;11;11;11
"Miloje";33;33;35;34;33;34
"Milojica";7;7;7;7;7;7
"Milojko";38;36;37;37;36;38
"Milomir";101;102;105;103;99;104
"Milorad";719;702;730;714;713;712
"Milosav";45;46;46;47;46;44
"Miloslav";11;12;12;12;12;12
"Miloš";1612;1597;1622;1595;1603;1607
"Milovan";341;338;342;336;331;329
"Milun";12;12;13;11;12;11
"Milutin";152;153;155;150;145;143
"Minel";7;9;9;10;11;11
"Minir";6;6;6;7;7;6
"Miodrag";373;386;388;384;374;389
"Miomir";35;35;35;35;33;37
"Miralem";95;88;101;96;98;99
"Miralim";8;7;7;9;9;9
"Miran";5553;5531;5502;5469;5446;5405
"Mirando";14;14;15;13;13;14
"Mirche";-;-;-;-;7;7
"Mirèe";15;12;14;14;11;11
"Mire";9;9;10;10;10;10
"Mirel";26;29;29;27;28;27
"Mirfet";6;5;6;6;6;6
"Mirhad";59;58;69;70;72;70
"Mirhat";6;-;5;5;5;5
"Mirhet";10;8;7;7;6;6
"Mirislav";8;8;9;8;8;8
"Mirjan";144;144;144;144;144;141
"Mirko";4646;4594;4554;4493;4421;4355
"Mirnes";115;131;148;151;145;154
"Miro";765;765;764;759;746;740
"Miroljub";65;63;60;59;58;59
"Miron";-;-;-;-;6;6
"Miroslav";4502;4417;4404;4309;4234;4194
"Miroslav Jožef";6;6;6;5;5;5
"Mirsad";746;745;828;809;803;791
"Mirsat";10;9;10;10;11;11
"Mirso";7;-;6;7;7;7
"Mirt";15;15;15;15;15;15
"Mirvad";-;-;-;5;5;5
"Mirvet";7;12;11;10;11;12
"Mirza";160;171;164;162;167;173
"Mirzad";7;8;8;6;7;7
"Mirzet";195;184;210;198;199;204
"Mirzo";6;6;6;6;6;6
"Mischel";6;6;6;6;6;5
"Misin";10;10;11;11;11;11
"Mislav";5;5;-;-;5;5
"Miša";11;10;10;11;12;12
"Mišel";140;142;145;146;151;153
"Miško";19;19;18;18;17;17
"Mišo";217;217;222;220;223;220
"Mita";5;5;5;-;-;-
"Mitar";91;93;94;92;89;90
"Mitat";9;9;10;10;10;10
"Mite";11;13;12;13;15;15
"Mithad";5;6;6;6;5;5
"Mithat";9;9;11;10;10;12
"Mitija";5;5;5;-;-;-
"Mitja";6841;6854;6860;6867;6859;6847
"Mitja Franc";5;5;5;5;5;5
"Mitja Janez";5;5;5;5;5;5
"Mitjan";32;32;32;32;32;32
"Mitko";44;40;45;48;47;50
"Mito";21;21;21;21;23;24
"Mitodija";5;5;5;5;5;5
"Mitre";10;9;9;9;8;7
"Miæa";10;11;11;11;13;16
"Miæo";117;114;118;118;118;119
"Mladen";1270;1280;1302;1284;1284;1279
"Mladenko";29;31;34;30;31;32
"Mladjan";5;5;5;5;5;5
"Mladjen";23;22;21;20;19;19
"Mlaðan";9;9;10;12;11;10
"Mlaðen";24;27;29;28;28;28
"Mlaðo";-;-;-;-;-;5
"Moamer";6;6;6;6;5;5
"Modest";13;14;14;14;13;13
"Mohamed";22;22;26;28;26;29
"Mohor";56;57;59;59;60;60
"Mohsen";-;-;-;-;-;5
"Mojmir";121;122;122;122;122;123
"Momèilo";155;156;154;150;151;148
"Mome";6;-;-;5;5;5
"Momir";128;131;134;133;129;129
"Momo";5;7;7;6;5;7
"Moreno";38;40;40;41;41;43
"Moris";14;14;14;14;14;13
"Muamed";10;10;11;10;10;10
"Muamer";44;43;53;51;56;55
"Muamet";6;6;6;6;6;6
"Muarem";9;8;8;8;8;8
"Muaz";5;5;-;6;6;6
"Mufid";11;11;14;13;13;13
"Muhamed";566;566;605;601;600;596
"Muhamet";89;96;107;103;101;98
"Muhammed";5;7;8;11;11;12
"Muharem";282;280;295;286;278;268
"Muharrem";15;14;16;18;16;17
"Muhedin";5;6;6;6;6;6
"Muhibija";-;-;5;5;5;6
"Muhidin";27;27;27;29;28;28
"Muho";16;17;18;19;19;19
"Muja";-;-;6;5;5;5
"Mujadin";5;5;5;5;5;5
"Mujaga";58;57;61;62;60;55
"Muje";5;-;5;-;-;-
"Mujo";262;266;279;278;261;264
"Mumin";45;44;44;44;41;43
"Munever";11;11;11;11;12;12
"Munib";80;81;80;78;75;75
"Munir";45;45;52;48;47;49
"Muradif";34;36;35;33;33;33
"Murat";70;73;75;72;72;69
"Muris";30;26;33;30;33;33
"Muriz";17;15;20;22;21;21
"Mursel";8;7;11;8;10;8
"Murtez";6;5;-;5;5;5
"Murtezan";5;-;-;-;-;-
"Musa";30;28;28;29;30;31
"Musaj";-;6;-;-;-;-
"Musli";19;17;19;15;18;20
"Muso";-;-;-;-;-;5
"Mustaf";13;13;12;12;11;11
"Mustafa";441;434;468;445;448;452
"Mustafe";6;7;7;6;7;6
"Musto";-;-;5;5;5;5
"Muzafer";29;30;35;33;34;32
"Mykhailo";-;-;-;5;5;6
"Mykhaylo";19;14;13;15;17;16
"Mykola";12;14;12;11;11;12
"Nac";16;16;16;16;17;17
"Nace";344;371;401;438;486;533
"Nadan";6;6;6;6;6;6
"Nadir";6;-;5;-;-;-
"Nado";5;-;-;-;-;-
"Nadžip";5;5;5;5;5;5
"Nafi";6;8;8;8;9;9
"Nafis";5;5;-;-;-;-
"Nagib";7;6;6;6;5;5
"Nai";7;11;17;23;33;40
"Nail";42;38;43;45;48;51
"Naim";88;94;98;93;88;88
"Naj";39;48;59;71;86;100
"Najil";9;8;10;11;11;12
"Nal";106;123;140;160;186;209
"Namik";10;8;9;9;9;9
"Namir";10;9;9;9;11;12
"Nan";7;7;7;7;8;7
"Nande";9;9;9;11;12;13
"Nani";-;-;-;5;6;6
"Narcis";14;12;13;13;15;16
"Narciso";6;6;6;6;6;6
"Narciz";7;7;6;6;6;6
"Narsej";10;10;10;10;10;10
"Naser";114;109;122;115;119;119
"Nasir";8;8;10;10;10;9
"Nasko";5;6;7;6;6;6
"Nastja";21;23;24;24;24;24
"Nasuf";12;11;13;12;12;13
"Natan";34;44;47;51;53;53
"Natanael";7;7;7;6;7;7
"Nathan";6;6;6;7;10;12
"Natko";5;6;6;6;6;6
"Naum";6;9;8;11;12;11
"Nazif";74;69;82;78;76;76
"Nazim";35;34;36;32;31;32
"Nazmi";61;61;63;58;57;53
"Nazmija";5;-;5;6;5;5
"Nay";-;-;-;-;-;5
"Nderim";8;11;10;8;8;9
"Neat";-;-;5;-;-;-
"Nebi";8;9;8;8;9;8
"Nebih";11;13;13;9;10;8
"Nebojiša";6;5;5;5;-;-
"Nebojša";315;322;323;321;335;358
"Nedeljko";469;458;462;458;454;450
"Nedelko";7;7;6;6;6;6
"Nediljko";23;21;21;21;20;19
"Nedim";79;80;94;94;94;97
"Nedin";7;6;7;7;6;7
"Nedjad";5;5;5;6;6;5
"Nedjan";9;9;9;9;9;9
"Nedjat";-;-;5;7;8;10
"Nedjeljko";53;51;51;51;50;48
"Nedjo";29;24;23;20;19;17
"Nedo";43;45;41;43;40;42
"Nedžad";268;271;304;307;298;303
"Nedžat";30;26;20;18;17;15
"Nedžib";11;11;11;10;10;10
"Nedžmedin";-;5;5;-;-;-
"Nefad";6;-;5;5;5;5
"Negjmedin";-;6;6;5;-;-
"Negoslav";-;5;5;5;5;5
"Negovan";20;20;20;20;21;21
"Nehat";20;20;27;24;27;26
"Nehrudin";-;-;5;-;-;-
"Nei";5;5;5;6;6;7
"Neil";5;5;5;6;5;7
"Nej";31;40;52;66;81;90
"Nejc";5710;5989;6215;6446;6634;6851
"Nejc Jernej";6;6;6;6;6;6
"Nejko";11;12;11;11;11;11
"Nejo";-;-;-;-;5;5
"Nel";24;25;26;35;39;44
"Nelis";-;-;-;-;5;5
"Nemanja";86;92;111;120;127;146
"Nenad";941;937;978;967;978;994
"Neno";9;10;10;10;10;11
"Neo";18;29;37;46;58;67
"Nerino";14;12;12;12;12;11
"Nermin";391;397;441;433;434;434
"Neshat";-;5;7;6;8;8
"Nesib";32;29;34;35;32;32
"Nesim";9;11;11;9;9;8
"Nesret";6;6;-;-;-;-
"Nestor";5;6;6;7;7;7
"Nešat";6;5;-;-;-;-
"Neven";85;84;85;90;94;94
"Nevenko";31;29;38;37;34;36
"Nevij";18;18;18;18;18;18
"Nevijo";37;37;37;37;37;38
"Nevio";63;64;64;65;65;66
"Nevjo";10;10;10;10;10;10
"Nevres";20;22;27;26;28;31
"Nevzat";16;15;17;16;15;13
"Nevzet";13;12;16;16;15;16
"Nevzudin";8;9;10;10;9;10
"Nezir";83;81;86;82;76;78
"Neðad";19;20;19;18;17;17
"Neðat";6;5;5;5;5;5
"Neðeljko";44;47;43;44;44;45
"Nexhat";26;32;37;37;37;37
"Nexhmedin";18;22;24;20;21;24
"Neðo";53;55;62;61;61;57
"Nian";-;-;-;-;5;8
"Niaz";-;-;-;5;5;5
"Nicholas";9;13;15;16;15;15
"Nick";107;121;130;147;161;169
"Nickolas";-;5;5;5;5;5
"Nicky";5;5;5;5;5;5
"Nico";16;17;18;19;18;14
"Nicola";14;14;14;15;16;16
"Nicolas";20;20;24;26;29;30
"Nigel";-;5;5;5;5;5
"Nihad";207;206;233;222;219;221
"Nihat";-;-;-;-;7;5
"Nijaz";213;203;224;216;218;212
"Nijazi";19;18;21;21;19;18
"Nik";2256;2531;2809;3081;3344;3590
"Niki";96;100;105;108;112;117
"Nikica";47;48;49;45;48;48
"Nikita";15;16;17;17;20;23
"Niklas";13;14;13;13;17;18
"Niko";1385;1409;1452;1478;1503;1522
"Nikodem";6;6;7;7;7;7
"Nikola";1354;1354;1403;1418;1456;1483
"Nikolai";-;6;6;7;7;7
"Nikolaj";858;860;864;860;873;885
"Nikolas";32;37;39;43;50;52
"Nikolay";6;5;8;11;9;9
"Nikolche";-;-;-;5;5;7
"Nikolcho";5;-;7;7;8;6
"Nikolèe";6;7;7;5;-;-
"Nikolèo";12;6;6;5;5;5
"Nikša";14;17;18;17;17;19
"Nil";20;23;28;31;37;40
"Nils";5;7;8;9;9;9
"Ninko";10;11;11;11;10;10
"Nino";739;776;807;835;866;883
"Ninoslav";23;21;18;20;18;18
"Nisad";6;9;9;9;9;9
"Nisret";5;-;5;-;-;5
"Nisvet";60;57;65;66;66;70
"Nizam";5;5;5;5;5;-
"Njegoš";13;14;13;13;15;18
"Noa";5;7;9;10;12;13
"Noah";13;17;18;20;22;25
"Noe";-;-;-;-;6;7
"Noel";48;55;61;69;75;86
"Norbert";49;48;51;50;49;46
"Norman";8;8;8;8;8;8
"Novak";112;108;111;113;114;116
"Novalija";18;17;16;15;15;14
"Novica";112;105;107;109;111;111
"Novko";5;5;5;5;-;-
"Novo";52;52;55;53;54;54
"Nuha";-;5;5;5;5;5
"Nuhi";33;32;33;31;26;28
"Nuradin";6;6;7;7;7;7
"Nuraga";22;22;22;22;21;21
"Nuran";5;8;7;7;7;7
"Nurdin";12;12;10;7;7;7
"Nuredin";13;12;13;13;13;14
"Nurfad";-;-;5;5;5;5
"Nurfet";30;30;32;29;31;31
"Nuri";5;5;6;6;6;6
"Nuridin";6;6;8;8;7;7
"Nurif";-;5;-;-;-;-
"Nurija";126;127;132;124;124;116
"Nurudin";7;7;7;7;7;7
"Nusmir";13;10;12;11;10;11
"Nusret";88;82;88;82;83;88
"Nysret";5;-;7;6;7;6
"Obrad";71;70;72;71;71;69
"Obren";15;15;16;15;15;14
"Obrenko";6;7;6;6;5;5
"Odisej";5;5;5;5;5;6
"Odon";12;12;12;12;12;12
"Ognen";5;7;8;6;6;6
"Ognjen";49;51;58;61;64;74
"Ognjeslav";7;6;6;6;6;6
"Ohran";-;-;5;5;-;5
"Oktavij";12;12;12;12;12;12
"Oktavijan";5;5;6;5;5;5
"Olaf";5;5;5;5;5;5
"Oleg";20;18;20;20;22;24
"Oleh";-;-;5;5;5;-
"Oleksandr";24;14;19;23;23;24
"Oliver";297;300;307;319;326;328
"Olivij";5;5;5;-;-;-
"Olivio";12;12;12;12;12;12
"Om";-;-;-;-;-;6
"Omar";43;47;48;51;54;55
"Omer";293;305;313;302;305;307
"Orce";17;18;19;16;18;18
"Orest";6;5;5;5;5;6
"Oreste";7;7;7;7;7;7
"Orfej";5;5;5;5;5;6
"Orges";-;-;-;-;-;5
"Orhan";16;17;17;14;17;17
"Orlando";35;36;36;36;36;38
"Ortse";-;-;5;5;6;5
"Oscar";5;5;6;-;6;7
"Oskar";537;569;613;659;721;789
"Osman";399;386;412;405;399;387
"Osme";18;19;17;18;17;17
"Osmo";12;11;8;9;10;10
"Oste";7;7;7;7;7;8
"Ostoja";113;114;111;109;104;102
"Osvald";14;13;13;11;10;10
"Otmar";253;248;244;239;231;226
"Oto";443;442;434;430;433;433
"Otokar";14;13;13;12;11;10
"Oton";239;240;240;241;236;236
"Otto";19;19;19;22;21;23
"Ozren";11;12;12;10;10;10
"Ozrenko";7;5;6;7;8;8
"Ozvald";6;5;-;-;-;-
"Ožbald";7;7;7;7;7;7
"Ožbalt";11;11;12;12;12;12
"Ožbe";28;34;37;37;39;42
"Ožbej";225;276;309;355;398;450
"Ožbi";8;8;10;12;16;17
"Ožbolt";22;23;23;24;25;26
"Pablo";8;8;8;9;10;11
"Pajazit";9;9;9;8;8;7
"Pajo";18;18;16;18;18;18
"Pajtim";5;8;9;9;9;9
"Pal";12;7;9;9;7;8
"Pan";-;-;-;-;5;5
"Panche";-;-;-;-;-;6
"Panèe";8;6;-;5;-;-
"Pande";-;-;-;5;5;6
"Pane";7;6;6;6;5;5
"Pankracij";7;7;7;6;5;-
"Pantelija";18;16;18;19;18;17
"Paolo";30;30;32;39;40;45
"Pascal";33;37;36;38;40;42
"Paskal";21;24;26;31;34;36
"Pašaga";11;9;12;11;11;11
"Pašan";13;14;14;14;12;13
"Paško";8;8;8;8;8;8
"Pašo";8;8;9;6;6;5
"Patric";9;9;9;9;9;9
"Patricij";17;17;17;17;17;17
"Patricio";5;5;5;5;6;6
"Patrick";272;277;289;295;311;315
"Patrik";1128;1209;1312;1409;1507;1616
"Paul";12;13;13;13;11;14
"Paulo";7;7;6;7;7;7
"Pavao";75;70;67;65;64;64
"Pave";8;8;7;7;7;7
"Pavel";2832;2784;2718;2670;2610;2548
"Pavel Franc";6;6;6;5;5;5
"Pavel Ivan";5;-;-;-;-;-
"Pavel Janez";11;11;11;10;10;10
"Pavel Jožef";5;5;5;5;5;5
"Pavel Peter";14;13;13;13;13;13
"Pavle";257;258;250;251;253;249
"Pavlo";14;16;17;18;18;18
"Pavo";38;34;34;34;35;37
"Pavol";8;-;-;-;-;-
"Peco";5;-;5;5;5;5
"Pejo";64;62;63;62;58;59
"Pepi";6;5;6;6;6;7
"Pera";11;10;11;11;11;10
"Peregrin";15;14;12;12;12;12
"Perica";49;51;53;51;52;53
"Periša";7;8;8;8;7;8
"Pero";344;342;345;348;349;345
"Perparim";18;15;20;19;16;14
"Petar";927;921;944;921;927;916
"Peter";13146;13062;12998;12928;12840;12735
"Peter Aleksander";7;7;7;7;6;6
"Peter Anton";8;7;7;7;8;6
"Peter Franc";13;13;13;13;13;12
"Peter Ivan";6;6;6;6;6;6
"Peter Jožef";6;6;5;5;5;5
"Peter Pavel";56;54;51;50;50;48
"Petja";48;49;54;57;57;60
"Petko";53;50;53;55;55;54
"Petr";5;6;7;7;7;7
"Petre";29;22;25;24;26;26
"Petrit";32;39;43;40;41;42
"Petro";-;-;5;-;5;-
"Petronije";6;6;6;5;5;5
"Philip";11;10;10;10;11;12
"Philipp";-;-;-;-;5;-
"Piero";-;-;-;6;6;6
"Pietro";5;8;9;10;10;10
"Pile";6;7;8;8;9;8
"Pino";29;33;41;41;41;43
"Pjeter";-;-;-;5;5;5
"Polde";36;36;36;35;35;35
"Predrag";467;466;498;495;497;516
"Primož";5742;5771;5774;5774;5780;5771
"Pál";-;-;-;5;-;-
"Péter";-;9;11;11;12;16
"Radan";17;18;24;22;22;21
"Rade";401;386;409;393;395;396
"Radenko";219;225;243;235;231;238
"Radigoj";5;5;5;5;5;-
"Radimir";5;-;-;-;-;-
"Radisav";23;21;23;23;22;22
"Radislav";136;122;124;126;122;123
"Radiša";48;52;63;57;56;57
"Radivoj";275;274;268;264;263;261
"Radivoja";6;7;6;7;7;7
"Radivoje";157;157;154;156;149;153
"Radko";146;144;144;144;143;139
"Radmil";7;8;8;8;8;6
"Radmilo";14;14;15;13;13;11
"Rado";1058;1045;1043;1037;1022;1012
"Radoica";-;-;-;-;5;5
"Radoja";6;5;5;5;-;5
"Radoje";35;34;34;34;33;33
"Radojica";30;32;33;34;34;33
"Radojko";24;24;26;25;23;25
"Radoljub";15;14;12;12;12;12
"Radomir";285;282;285;279;274;273
"Radosav";39;37;39;38;37;34
"Radoslav";335;335;336;323;328;321
"Radoš";90;88;88;90;89;88
"Radovan";873;864;861;858;860;856
"Radule";6;5;6;-;-;-
"Rafael";810;800;779;766;746;739
"Rafet";20;22;26;23;24;24
"Raffaele";5;6;8;7;5;7
"Rafko";152;152;153;153;151;150
"Rafo";5;5;5;5;5;5
"Ragib";21;18;21;19;21;21
"Ragip";32;35;38;35;32;30
"Rahim";25;26;23;23;24;22
"Rahman";44;44;41;44;42;41
"Rahmo";-;5;5;-;-;-
"Raif";28;27;28;32;30;31
"Raim";16;14;16;19;18;17
"Rajan";-;-;-;-;5;6
"Rajif";17;17;18;18;17;18
"Rajko";2557;2542;2532;2502;2474;2452
"Rajmond";24;25;26;25;26;25
"Rajmund";276;265;260;250;238;229
"Rajo";8;8;8;8;8;9
"Rakip";-;5;-;-;-;-
"Ralf";5;6;6;6;6;6
"Ram";9;8;8;8;8;8
"Rama";6;6;7;7;7;7
"Ramadan";142;150;157;148;143;141
"Raman";7;6;7;7;7;6
"Ramazan";18;20;21;20;19;20
"Rame";12;12;11;9;8;9
"Rami";9;9;9;10;12;12
"Ramis";6;5;7;6;5;7
"Ramiz";342;357;376;372;369;370
"Ramo";185;184;204;201;191;192
"Ramon";14;14;15;15;15;15
"Ramush";5;5;6;9;9;8
"Ramuš";-;5;-;-;-;-
"Ranislav";7;7;7;7;7;7
"Ranko";317;314;338;339;333;329
"Raphael";-;5;-;-;6;6
"Rasim";382;390;407;404;398;396
"Rastislav";44;40;36;36;34;33
"Rastko";61;61;61;62;62;62
"Rasto";40;40;40;40;40;40
"Rašid";45;47;46;46;46;44
"Rašit";6;6;7;-;-;-
"Rašo";8;8;8;8;8;8
"Ratimir";19;19;19;19;18;18
"Ratko";246;243;242;241;239;237
"Ratomir";35;35;31;30;25;24
"Raul";14;15;17;18;17;18
"Ravman";-;-;5;-;-;-
"Razim";30;30;32;32;31;30
"Rayan";-;-;-;-;-;7
"Redjep";10;11;12;14;16;18
"Redon";-;5;6;7;6;6
"Redžep";97;95;92;86;79;79
"Redžo";100;95;96;91;90;91
"Refet";9;9;9;9;9;10
"Refik";222;226;251;239;232;241
"Refki";28;28;31;31;29;24
"Rei";6;6;6;7;9;9
"Reinhard";-;5;-;-;-;-
"Rejhan";-;-;-;5;6;10
"Reko";5;5;5;5;5;5
"Relja";9;10;11;10;10;10
"Rem";-;5;5;5;5;7
"Remigij";18;18;18;18;18;18
"Remigio";9;9;9;10;10;9
"Remo";6;6;-;-;-;-
"Remzi";38;39;41;41;35;37
"Remzija";43;41;41;44;44;46
"Remzo";26;27;28;28;28;26
"Remzudin";-;5;-;-;-;-
"Renaldo";11;11;11;11;11;11
"Renat";7;7;6;7;7;7
"Renato";870;867;867;863;862;855
"Rene";703;725;769;822;882;922
"Renee";5;-;-;-;5;5
"Renej";6;6;6;6;6;7
"Reni";5;5;5;5;5;5
"Renzo";5;-;-;5;6;-
"René";-;24;27;28;28;26
"Reshat";14;13;19;17;17;18
"Reshit";-;-;5;-;5;5
"Resmi";-;7;8;7;7;7
"Resul";5;6;7;7;9;8
"Rešad";15;13;13;13;12;12
"Rešat";7;6;6;5;5;5
"Rešid";37;36;37;37;36;36
"Reuf";39;40;43;43;46;46
"Rezak";10;8;8;8;8;8
"Reðep";9;9;8;6;6;5
"Rexhe";5;-;6;5;5;5
"Rexhep";50;55;63;66;67;67
"Riad";8;9;11;13;14;17
"Rian";5;7;9;11;15;17
"Ricardo";9;9;9;10;10;10
"Riccardo";13;13;17;18;18;21
"Richard";20;19;20;21;20;22
"Rièard";-;-;-;-;-;5
"Ridvan";10;11;14;12;11;12
"Rifat";90;93;89;88;87;88
"Rifet";195;201;208;205;197;194
"Rihard";355;349;346;341;337;333
"Rijad";16;18;22;26;24;25
"Rikard";14;14;12;12;12;11
"Rikardo";29;29;29;29;29;29
"Riki";10;10;10;10;10;10
"Riko";27;28;28;28;27;25
"Rilind";-;5;6;7;9;10
"Rinald";5;5;5;5;5;5
"Rinaldo";19;20;20;21;20;20
"Rino";29;31;30;30;30;30
"Rinor";8;8;10;15;19;19
"Rion";-;-;-;5;6;6
"Riste";8;9;6;5;8;10
"Risto";88;88;86;84;83;83
"Riza";15;15;15;14;14;11
"Rizah";24;27;25;23;23;24
"Rizan";-;6;5;-;-;5
"Rizo";16;16;17;17;16;16
"Rizvan";8;9;9;9;9;9
"Robert";10550;10518;10499;10492;10458;10405
"Robert Peter";5;5;5;5;5;-
"Robertino";10;11;11;11;11;11
"Roberto";133;137;144;149;153;163
"Robi";564;563;563;566;570;572
"Robin";58;60;63;65;67;73
"Rocco";7;8;9;8;7;7
"Rodoljub";24;23;27;27;28;29
"Roger";5;6;5;5;5;5
"Rok";9234;9374;9485;9619;9737;9823
"Roki";67;67;67;67;67;68
"Roko";53;59;61;62;72;78
"Roky";9;9;9;9;9;9
"Roland";120;119;124;123;123;122
"Rolando";91;91;90;90;90;90
"Roman";5507;5485;5458;5414;5359;5316
"Romano";40;42;45;41;40;39
"Romeo";117;118;118;117;117;114
"Romi";13;13;12;12;12;12
"Romuald";9;9;9;9;9;9
"Ron";10;9;12;12;12;11
"Ronald";37;37;36;36;36;37
"Ronaldo";-;5;5;5;5;5
"Roni";15;15;16;16;18;17
"Rosando";5;5;5;5;5;5
"Rožle";121;129;141;155;162;182
"Roy";11;11;11;10;8;8
"Rrahim";12;12;19;14;13;14
"Rrahman";16;14;16;15;15;15
"Rrustem";12;13;8;10;8;9
"Ruben";48;57;70;78;92;102
"Rubin";-;-;-;-;5;-
"Rude";7;7;7;7;7;6
"Rudi";773;774;776;773;768;764
"Rudolf";3510;3406;3320;3225;3125;3028
"Rudolf Franc";6;6;6;6;6;6
"Rudolf Ivan";5;5;5;5;5;5
"Rudolf Jožef";5;-;-;-;-;-
"Rufad";13;13;15;14;15;14
"Rufat";5;6;6;6;6;6
"Ruggero";5;5;-;5;-;-
"Ruj";6;9;11;13;16;22
"Rukib";6;7;8;8;8;8
"Rupert";74;74;72;71;66;66
"Rushit";-;-;6;-;5;7
"Ruslan";8;5;7;7;7;10
"Rusmin";7;5;7;5;5;6
"Rusmir";29;34;41;39;39;37
"Rustem";18;16;17;17;15;14
"Ruzhdi";35;32;39;36;39;39
"Ruždi";11;12;9;7;-;-
"Ruždija";10;11;9;9;8;9
"Ryan";-;-;-;5;6;7
"Sabahudin";114;104;129;124;125;123
"Sabedin";11;12;12;11;10;10
"Sabid";25;28;30;31;32;33
"Sabin";13;15;19;16;17;18
"Sabir";11;10;13;11;11;11
"Sabit";86;79;82;85;86;81
"Sabri";20;17;20;20;21;21
"Sabrija";17;16;15;14;13;14
"Sadat";26;22;28;25;24;22
"Sadem";-;-;-;5;5;-
"Sadet";11;11;13;14;14;14
"Sadik";124;129;138;135;137;135
"Sadin";7;6;7;8;8;10
"Sadmir";49;46;52;55;52;54
"Sado";7;8;8;7;7;7
"Sadri";32;31;35;35;37;31
"Sadrija";6;5;5;5;5;5
"Safer";5;5;5;5;5;5
"Safet";488;498;543;527;526;521
"Sahit";17;18;18;18;17;20
"Said";81;84;88;93;92;100
"Saim";7;7;8;7;7;6
"Sait";13;15;13;12;12;11
"Sajid";30;33;31;33;32;32
"Sakib";93;95;103;103;99;99
"Sakip";-;-;6;7;6;-
"Salem";14;18;22;22;22;22
"Sali";28;32;31;30;31;30
"Salih";196;185;201;193;187;185
"Salija";6;6;6;7;7;6
"Salim";37;39;39;36;38;36
"Salji";5;5;-;-;5;5
"Salkan";12;13;12;14;13;12
"Salko";95;94;100;99;98;94
"Salmir";12;14;14;10;11;11
"Salvator";7;7;7;7;7;7
"Salvatore";6;6;6;6;8;7
"Samed";31;30;35;35;40;45
"Samedin";8;8;9;8;9;8
"Samel";9;10;9;9;10;9
"Samer";-;-;-;-;6;6
"Samet";23;23;17;20;21;21
"Sami";94;98;106;104;103;108
"Samid";15;15;17;17;17;17
"Samidin";-;-;5;-;-;-
"Samil";9;6;9;7;8;8
"Samir";687;693;777;768;756;757
"Samo";2394;2415;2440;2446;2455;2460
"Samoel";20;20;18;18;18;18
"Samuel";124;128;144;157;165;177
"Sande";15;15;16;14;12;12
"Sandi";2234;2241;2245;2243;2248;2240
"Sandin";7;7;8;7;7;7
"Sandor";12;5;-;5;-;-
"Sandrino";5;6;7;8;8;8
"Sandro";96;98;102;106;110;105
"Sandy";6;6;7;6;7;5
"Sanel";346;355;387;395;390;395
"Sani";55;57;58;58;58;57
"Sanid";5;5;5;5;6;6
"Sanin";-;-;-;-;5;7
"Sanjin";30;35;37;39;40;40
"Santiago";-;5;6;6;6;7
"Santo";5;5;5;-;-;-
"Sascha";10;8;10;7;5;-
"Sascha Alexander";-;-;-;-;5;-
"Sasha";-;5;5;7;6;6
"Sashe";-;-;-;-;-;5
"Sashko";7;-;12;19;20;25
"Sasho";6;5;18;17;24;28
"Saš";-;5;7;8;9;9
"Saša";1341;1356;1394;1374;1385;1394
"Saša Aleksander";-;5;5;5;5;5
"Saše";5;-;5;-;-;-
"Saši";6;6;6;6;6;6
"Saško";101;97;97;94;93;90
"Sašo";3181;3189;3185;3182;3180;3170
"Sašo Aleksander";8;7;7;7;7;7
"Saud";10;11;11;12;13;14
"Saudin";25;22;25;22;21;22
"Sava";71;70;68;67;65;63
"Savan";9;9;9;9;8;8
"Savel";5;5;5;5;5;5
"Savin";15;16;16;15;15;15
"Savo";357;350;353;354;350;348
"Sead";429;445;469;463;460;458
"Sean";20;22;23;25;27;26
"Seat";5;-;-;-;-;-
"Sebastian";252;258;261;263;267;268
"Sebastijan";1112;1115;1110;1109;1110;1109
"Sebastjan";2039;2052;2066;2083;2086;2091
"Sedat";16;12;14;15;16;16
"Sedin";51;50;66;64;66;65
"Sefedin";19;15;22;18;17;17
"Sefer";42;42;46;42;40;41
"Sefir";6;6;7;7;7;7
"Sehad";-;5;-;-;-;5
"Seid";24;24;28;27;28;27
"Sejad";193;190;207;205;203;203
"Sejat";7;8;8;5;7;7
"Sejdalija";8;6;6;6;6;5
"Sejdi";30;31;32;33;32;32
"Sejdo";25;23;29;28;28;28
"Sejfo";22;22;24;24;22;24
"Sejfudin";34;29;32;32;33;33
"Sejfula";6;5;5;-;-;-
"Sejfulah";9;6;6;6;6;7
"Sekula";7;7;7;7;7;7
"Selajdin";18;17;21;19;17;18
"Selam";7;7;6;6;9;8
"Selami";5;-;6;5;7;7
"Seldin";-;5;7;6;6;7
"Selim";106;105;115;108;104;108
"Selman";35;35;38;36;36;38
"Selmedin";-;-;-;-;5;5
"Selmin";10;9;14;12;15;15
"Selmir";32;38;48;45;45;48
"Selmo";6;7;6;6;6;6
"Selvad";5;5;5;5;5;5
"Selvedin";42;48;56;53;52;55
"Selver";17;19;19;21;19;20
"Selvin";-;-;-;5;5;5
"Selvir";19;20;21;22;22;22
"Semi";-;-;-;5;5;5
"Semin";13;13;16;16;16;18
"Semir";226;219;252;257;247;256
"Semiz";7;8;7;7;7;7
"Semko";7;7;7;8;7;7
"Senad";743;759;836;818;810;820
"Senadin";-;6;7;6;6;7
"Senahid";32;30;38;39;41;40
"Senaid";49;48;57;57;55;56
"Senaija";-;5;5;5;-;-
"Senat";15;17;19;17;16;17
"Sendi";8;8;8;8;8;8
"Senid";13;10;12;14;13;14
"Senijad";6;7;8;5;6;7
"Senko";6;5;5;5;5;5
"Serafin";8;8;8;7;7;7
"Sergei";-;-;-;-;-;8
"Sergej";738;756;784;800;815;845
"Sergey";9;9;9;11;16;23
"Sergii";-;-;6;5;-;7
"Sergij";141;141;139;138;136;135
"Sergije";8;8;8;8;8;7
"Sergio";79;79;76;78;79;76
"Sergiu";-;5;-;-;-;-
"Sergiy";-;-;-;-;-;5
"Serhiy";13;10;8;9;9;9
"Serðo";10;10;10;10;10;10
"Setki";-;-;-;5;5;5
"Seudin";14;14;14;13;13;13
"Sevad";9;8;11;10;11;11
"Sevdail";5;-;-;-;-;-
"Sevdet";-;-;5;-;-;-
"Sever";-;-;-;-;-;5
"Severin";162;162;163;167;165;164
"Sezair";6;6;5;5;5;5
"Shaban";46;52;63;63;65;63
"Shaip";19;21;23;22;24;24
"Shani";6;7;-;5;6;7
"Shaqir";22;23;25;24;24;25
"Shefket";-;7;7;6;8;6
"Shefki";12;17;20;17;18;17
"Shefshet";9;8;9;11;11;10
"Shefqet";12;12;16;14;15;15
"Shemsedin";12;8;13;12;10;9
"Shemsi";6;7;9;10;10;8
"Sheremet";5;6;6;6;-;-
"Sherif";21;23;27;28;30;31
"Shkelzen";15;19;30;31;29;28
"Shkelqim";-;-;-;7;8;7
"Shkodran";7;6;11;10;11;12
"Shpejtim";25;19;23;22;23;23
"Shpend";12;16;19;18;19;17
"Shpetim";-;6;10;8;8;12
"Shpresim";-;-;5;6;6;5
"Shukri";10;13;15;16;15;13
"Shqipron";8;12;10;12;11;13
"Shyqeri";-;-;7;8;9;9
"Sian";-;5;5;5;5;6
"Sidik";8;7;8;7;6;5
"Siegfried";6;5;5;5;-;5
"Sifet";37;38;39;43;43;44
"Silvan";219;217;214;210;211;210
"Silvano";78;77;77;77;78;77
"Silverij";16;15;15;16;14;14
"Silvestar";12;12;13;11;11;10
"Silvester";1720;1693;1666;1639;1615;1590
"Silvij";43;43;42;39;37;37
"Silvije";-;-;5;-;-;-
"Silvijo";11;10;10;10;10;9
"Silvin";29;29;29;29;29;29
"Silvio";36;38;38;35;35;35
"Silvo";2011;2002;1986;1968;1956;1948
"Sima";10;9;10;9;9;9
"Sime";-;5;7;6;7;7
"Simeon";70;68;70;68;68;71
"Simeun";29;29;28;27;27;27
"Simo";145;137;140;140;139;141
"Simon";6694;6706;6725;6720;6742;6709
"Simon Peter";7;6;6;6;6;6
"Simone";-;5;-;-;6;6
"Sinaj";5;5;5;5;7;7
"Sinan";55;56;60;66;65;68
"Sine";5;5;-;-;-;-
"Siniša";525;521;550;545;556;566
"Skender";87;94;105;96;96;99
"Sladjan";23;25;20;18;18;16
"Sladžan";5;5;5;5;5;5
"Slavcho";-;-;-;5;8;7
"Slavèo";17;16;13;11;11;10
"Slave";15;13;15;14;15;15
"Slavek";5;5;6;6;6;6
"Slaven";43;44;49;47;50;52
"Slavenko";-;-;-;-;5;-
"Slavimir";11;11;11;11;10;10
"Slaviša";274;271;308;297;301;312
"Slavko";4756;4703;4665;4612;4562;4499
"Slavko Alojz";5;-;-;-;-;-
"Slavko Alojzij";8;7;7;7;7;6
"Slavo";26;26;27;28;27;27
"Slavoj";8;8;7;6;6;5
"Slavoljub";83;85;84;81;85;83
"Slavomir";22;18;18;17;17;15
"Slaðan";108;114;121;115;123;126
"Slobodan";748;761;790;776;780;779
"Slovenko";11;12;12;12;12;12
"Smail";137;136;148;140;136;135
"Smajil";65;67;69;68;67;66
"Smajl";26;29;28;25;24;25
"Smajo";56;53;55;54;54;55
"Smiljan";314;315;313;310;308;306
"Sokol";16;14;20;18;17;15
"Soni";-;-;-;-;-;5
"Spase";15;15;16;18;17;17
"Spaso";7;9;10;9;9;8
"Spasoja";13;12;12;11;11;11
"Spasoje";40;40;42;41;39;40
"Spomenko";14;14;15;15;15;16
"Srbislav";6;6;6;7;8;8
"Srboljub";21;20;23;24;24;23
"Srèan";5;5;5;5;5;5
"Srdan";10;10;10;10;10;10
"Srdjan";39;35;29;28;25;26
"Srebrenko";8;8;8;7;8;7
"Sreèko";4768;4727;4677;4633;4583;4530
"Sreèko Feliks";8;8;7;6;6;6
"Sreèo";44;46;47;47;48;46
"Sredo";10;10;8;9;9;9
"Sredoje";6;5;-;-;-;-
"Sretan";16;16;18;18;17;17
"Sreten";66;66;66;68;67;67
"Sretko";81;76;76;73;70;70
"Sreto";34;35;38;36;34;32
"Sreæko";74;69;70;69;72;72
"Sreæo";5;5;5;5;5;-
"Srðan";124;124;147;155;166;176
"Stamenko";11;10;11;11;11;9
"Stane";482;481;472;463;458;449
"Stanimir";62;61;63;58;60;59
"Stanislav";12146;11804;11505;11215;10966;10644
"Stanislav Anton";9;8;8;8;8;8
"Stanislav Franc";10;10;9;8;7;6
"Stanislav Ivan";6;5;5;5;5;-
"Stanislav Jožef";9;8;8;8;8;8
"Stanislav Peter";5;-;-;-;-;-
"Staniša";37;37;39;35;37;35
"Stanko";3979;3923;3871;3823;3774;3711
"Stanoja";10;10;10;9;9;8
"Stanoje";33;33;35;33;33;32
"Staš";288;310;326;352;378;401
"Staško";13;13;13;12;12;11
"Stašo";16;17;17;17;17;17
"Stavre";-;-;-;5;5;5
"Stefan";197;209;236;246;271;292
"Stefano";12;16;16;16;21;25
"Stefcho";-;-;-;-;5;5
"Stelio";14;14;14;13;13;14
"Stepan";10;9;11;10;11;11
"Steva";-;-;-;-;5;-
"Stevan";171;167;173;163;161;162
"Steven";10;9;10;10;9;10
"Stevica";14;14;15;14;15;17
"Stevo";217;213;214;210;203;205
"Stijepo";5;-;-;-;-;-
"Stipan";32;34;33;32;31;32
"Stipe";25;25;26;25;26;24
"Stipica";5;-;5;-;-;-
"Stipo";134;130;128;127;127;126
"Stiv";6;6;6;6;6;5
"Stiven";24;26;28;28;27;26
"Stjepan";1208;1194;1170;1136;1102;1080
"Stojadin";20;20;23;23;23;21
"Stojan";1596;1581;1579;1555;1528;1505
"Stojanche";-;-;7;7;9;10
"Stojanèe";6;6;5;5;-;-
"Stojanèo";8;7;6;-;5;5
"Stojche";-;-;-;-;6;5
"Stojèe";10;10;8;6;6;7
"Stojèo";7;8;7;-;-;-
"Stojko";24;25;27;27;27;25
"Stole";7;8;8;8;9;10
"Stoyan";6;5;-;8;6;7
"Strahinja";7;7;9;8;8;12
"Suad";233;234;250;248;242;246
"Suat";-;6;5;-;-;-
"Subija";-;5;-;5;5;5
"Sulejman";314;314;317;314;310;305
"Suljo";128;122;135;132;129;127
"Suvad";164;170;181;181;179;185
"Svarun";13;14;14;14;15;15
"Sven";219;240;250;273;292;309
"Sveta";8;8;7;7;7;7
"Svetislav";89;85;90;85;85;82
"Svetko";25;24;23;22;22;23
"Sveto";46;47;47;46;47;46
"Svetolik";5;-;-;-;-;-
"Svetomir";15;16;14;14;13;14
"Svetozar";96;98;93;87;81;79
"Svit";206;273;340;395;449;511
"Svitan";9;8;8;8;9;9
"Svobodan";7;7;6;6;6;6
"Syle";6;-;5;-;6;8
"Sylejman";15;20;24;26;25;23
"Sándor";-;7;7;9;6;7
"Šaban";173;166;173;164;152;151
"Šahbaz";26;27;26;25;24;25
"Šahim";7;6;7;6;6;6
"Šahin";-;-;-;-;-;5
"Šaip";8;5;7;6;5;5
"Šan";-;-;-;-;6;6
"Šandor";16;14;15;12;12;10
"Šani";8;7;8;7;6;-
"Šaæir";26;27;26;24;24;25
"Šefèet";5;5;-;-;-;-
"Šefik";228;231;239;235;230;226
"Šefket";21;16;22;20;16;15
"Šefki";5;5;-;-;-;-
"Šefkija";26;28;27;27;26;26
"Šefko";23;20;20;19;19;20
"Šefæet";-;6;-;-;6;-
"Šehrizad";5;5;9;8;7;7
"Šehzad";-;-;5;-;5;-
"Šekib";6;5;6;6;6;6
"Šemsi";6;6;5;-;-;-
"Šemso";84;77;79;79;78;79
"Šemsudin";78;78;85;84;87;88
"Šeremet";6;5;-;-;-;-
"Šerif";153;154;149;147;141;140
"Šero";6;5;-;5;6;-
"Ševal";32;30;34;34;36;38
"Ševalija";6;6;6;6;6;6
"Ševket";9;7;11;10;11;10
"Ševkija";7;6;7;7;7;7
"Ševko";14;16;15;14;15;14
"Šime";39;38;38;35;36;36
"Šimen";21;22;23;22;22;22
"Šimo";24;23;23;23;22;23
"Šimon";-;-;-;5;-;-
"Šimun";19;20;20;20;19;18
"Škelzen";5;5;-;-;-;-
"Špejtim";11;10;7;8;6;6
"Špend";5;-;5;-;-;-
"Špendi";5;5;5;5;-;5
"Špiro";7;6;6;6;6;6
"Štef";5;5;5;5;5;5
"Štefan";6303;6152;6030;5893;5762;5598
"Štefek";5;5;5;5;5;-
"Štefko";22;22;21;22;19;19
"Štefo";6;6;6;6;6;5
"Šuhret";-;5;-;-;-;-
"Šukri";9;7;6;6;6;6
"Šukrija";22;22;23;24;25;23
"Šuæo";6;6;6;6;6;6
"Tadej";4838;4901;4960;5008;5055;5105
"Tadija";27;24;23;23;23;23
"Tafil";15;14;15;14;14;14
"Tahir";57;58;60;59;59;64
"Tai";138;209;280;353;422;471
"Taib";14;16;18;23;27;28
"Taid";-;5;9;11;12;13
"Taik";5;6;7;8;9;9
"Taip";6;6;6;6;8;8
"Tair";7;7;5;5;6;5
"Taj";139;194;254;322;383;431
"Tajib";15;14;13;13;12;12
"Tal";-;-;-;6;7;8
"Tale";5;-;-;-;-;-
"Tamas";5;-;-;-;-;-
"Tamás";-;-;5;-;7;-
"Tan";12;13;13;13;14;15
"Tanai";-;-;5;6;7;7
"Tanaj";-;6;7;9;10;10
"Tanay";-;-;-;5;6;8
"Tanej";11;12;15;17;19;19
"Tao";-;-;-;-;-;5
"Taras";29;30;40;51;57;63
"Tarik";135;159;197;224;252;289
"Taris";-;-;-;6;6;9
"Tariq";-;-;-;-;5;-
"Tasim";14;13;15;14;15;14
"Taš";-;-;5;6;6;7
"Tatomir";8;8;8;8;8;8
"Taulant";7;12;15;15;14;14
"Tay";5;6;10;14;17;20
"Tedej";11;11;11;11;11;11
"Tedi";5;5;5;5;5;5
"Tedo";8;8;8;8;7;7
"Tefik";11;12;14;11;10;10
"Tehvid";16;17;19;19;18;19
"Tei";-;-;-;-;5;7
"Tej";31;35;40;47;49;55
"Tejo";16;17;20;20;20;27
"Tenej";10;10;11;13;14;15
"Teo";425;486;522;583;633;684
"Teodor";351;357;370;376;389;410
"Teofil";5;5;5;5;5;-
"Tešo";6;6;6;6;6;6
"Teufik";39;38;39;41;38;37
"Tevž";170;203;220;245;273;304
"Tezej";-;-;-;5;5;5
"Theo";11;11;12;12;12;13
"Theodor";7;7;10;10;11;10
"Thomas";121;124;127;128;131;133
"Thor";-;5;5;5;6;6
"Tiam";-;-;-;5;7;9
"Tian";248;330;408;509;616;715
"Tias";-;-;-;-;-;6
"Tiberij";7;7;7;7;8;8
"Tibor";346;360;383;408;423;452
"Tien";-;-;6;7;9;10
"Tihomil";7;7;6;6;6;6
"Tihomir";174;175;184;177;181;183
"Tijan";71;95;119;149;170;195
"Til";40;46;47;53;58;62
"Tilen";3037;3159;3298;3430;3551;3653
"Tim";1858;1985;2111;2253;2406;2546
"Timej";18;20;24;27;29;30
"Timen";8;8;8;8;8;9
"Timi";162;169;174;185;193;200
"Timijan";5;6;6;7;7;7
"Timmy";8;8;8;8;8;8
"Timo";28;30;31;35;39;42
"Timon";152;172;187;204;212;216
"Timotei";10;11;11;13;12;12
"Timotej";1424;1496;1574;1630;1686;1732
"Timotej Tim";5;5;5;5;5;5
"Timothy";8;9;8;7;7;7
"Timy";-;-;5;5;5;6
"Tin";192;208;223;237;250;271
"Tine";1057;1104;1154;1208;1264;1315
"Tinej";15;22;29;38;46;51
"Tino";28;28;29;31;32;30
"Tio";7;9;9;9;12;13
"Tit";129;151;160;168;183;198
"Tito";5;7;7;8;11;12
"Tjan";86;102;116;128;144;157
"Tjaš";148;169;194;208;233;256
"Tjaž";120;127;144;157;173;194
"Tjuš";7;8;9;10;10;11
"Tobi";14;15;15;15;17;18
"Tobia";5;7;7;9;9;9
"Tobias";43;46;50;56;60;62
"Tobija";47;60;73;85;102;115
"Tobijas";-;-;5;5;5;6
"Tode";14;14;13;15;14;13
"Todor";63;62;64;62;63;62
"Tofik";7;6;7;7;7;7
"Tolja";-;5;6;6;6;6
"Tom";227;232;241;257;265;284
"Toma";32;32;30;31;30;32
"Tomas";151;159;165;174;177;183
"Tomaš";9;6;-;5;6;5
"Tomaž";11463;11484;11488;11502;11515;11491
"Tomaž Andrej";5;5;5;5;5;5
"Tomaž Janez";7;8;8;8;8;8
"Tome";21;22;19;20;20;20
"Tomi";500;513;527;544;551;563
"Tomica";24;26;30;28;26;33
"Tomislav";1509;1516;1509;1497;1493;1496
"Tommy";8;7;9;9;9;9
"Tomo";541;539;538;536;529;521
"Tomy";10;10;10;10;10;9
"Tomáš";-;-;-;5;6;5
"Tonèek";228;226;223;219;218;216
"Tonèi";15;15;15;15;15;14
"Tone";507;506;505;505;504;503
"Toni";475;489;496;502;519;522
"Tonko";5;6;6;6;6;6
"Tony";14;14;16;16;16;16
"Toplica";7;7;7;6;6;6
"Tor";-;-;-;-;5;5
"Toshe";-;-;8;10;14;13
"Tosja";8;11;11;14;15;19
"Toše";10;8;6;6;5;5
"Tošo";10;11;11;10;10;10
"Trajan";10;10;10;9;9;7
"Trajche";-;-;9;13;14;18
"Trajcho";-;-;-;5;-;6
"Trajèe";25;24;21;18;17;16
"Trajèo";16;13;11;10;9;8
"Trajko";15;14;14;15;14;14
"Trayche";-;-;-;5;8;11
"Tripun";-;-;-;-;5;-
"Tristan";134;174;195;226;258;295
"Tristjan";-;-;-;5;7;7
"Trivo";27;27;28;26;25;25
"Trivun";12;12;12;12;11;13
"Trojan";5;5;5;5;5;5
"Tudor";5;-;-;-;5;-
"Tufik";10;9;10;8;8;7
"Tugo";5;5;5;5;5;5
"Tugomer";5;5;5;5;5;5
"Tugomir";31;31;31;31;31;30
"Tunjo";8;8;8;8;8;8
"Ty";-;-;-;5;6;6
"Udo";6;5;5;5;-;5
"Uglješa";5;6;5;5;5;5
"Ugo";19;19;19;19;17;17
"Ujup";5;5;5;5;-;-
"Uka";-;-;5;-;-;-
"Uke";6;7;6;5;6;5
"Umbert";12;13;13;12;11;11
"Umberto";7;6;6;5;6;6
"Uran";-;-;5;5;5;5
"Urban";2371;2477;2570;2656;2749;2839
"Urh";415;447;473;498;520;551
"Urim";29;31;29;25;27;27
"Uroš";6962;6989;7010;7031;7038;7039
"Urs";-;-;-;-;-;5
"Uzeir";11;11;11;11;13;13
"Uzejir";7;7;7;7;6;6
"Uzejr";6;7;7;7;6;6
"Vaclav";13;12;12;13;12;12
"Vadim";8;7;10;9;10;10
"Vahdet";8;7;11;9;9;8
"Vahid";120;123;128;127;126;125
"Vahidin";30;25;32;32;31;29
"Vait";7;7;5;5;5;5
"Vajo";5;5;5;5;5;-
"Val";246;312;374;455;539;632
"Valbon";-;-;-;5;-;-
"Valdemar";5;5;5;5;5;5
"Valdet";21;23;25;26;26;28
"Valdi";32;31;31;31;31;31
"Valdrin";-;-;6;6;7;7
"Valent";56;53;50;49;51;51
"Valentin";1507;1475;1453;1436;1415;1405
"Valentin Zdravko";33;33;33;31;30;30
"Valentino";46;50;56;57;62;67
"Valerij";51;51;49;48;48;48
"Valerijan";21;21;21;19;19;19
"Valerio";6;6;6;5;6;7
"Vall";11;12;12;12;13;13
"Valmir";17;20;26;24;25;25
"Valon";54;74;88;84;80;83
"Valter";1018;1009;1005;998;995;992
"Valton";6;8;9;11;10;11
"Van";15;18;20;20;23;24
"Vanche";-;-;-;-;-;5
"Vancho";-;12;16;19;29;40
"Vanè";-;-;-;-;5;5
"Vanèe";5;-;5;-;-;-
"Vanèo";56;51;52;46;39;33
"Vane";28;34;37;42;43;43
"Vanek";7;7;7;7;7;7
"Vanes";6;7;7;6;6;6
"Vanja";173;182;189;196;199;190
"Vanjo";19;19;19;19;19;19
"Vase";17;17;21;18;17;21
"Vasil";28;29;30;28;30;30
"Vasile";-;-;5;5;5;7
"Vasilij";121;122;122;124;125;128
"Vasilija";13;13;12;12;12;12
"Vasilije";46;48;50;48;50;50
"Vasilj";10;9;9;9;9;9
"Vasja";559;566;582;591;595;612
"Vasjan";13;13;13;13;13;13
"Vasko";33;33;38;37;36;39
"Vaskrsija";26;25;25;25;24;23
"Vaso";71;69;70;68;68;69
"Vasyl";27;25;29;27;24;25
"Vatroslav";6;6;6;6;6;7
"Vebi";14;14;13;14;14;14
"Vebija";9;9;8;8;8;9
"Vedad";7;8;11;12;13;17
"Vedat";10;8;14;12;13;13
"Vedran";110;110;120;122;126;128
"Vehab";6;8;8;8;6;7
"Vehbi";19;17;18;18;16;16
"Vehbija";21;21;23;21;21;21
"Vehid";55;55;63;59;61;58
"Vejsel";5;5;5;5;5;5
"Vejsil";15;15;13;14;14;14
"Vekoslav";264;256;255;252;252;246
"Velaga";9;6;7;8;8;8
"Veldin";5;5;6;7;9;10
"Velemir";31;33;34;33;33;33
"Veli";17;18;20;20;22;20
"Velibor";95;90;94;87;94;94
"Velièko";5;5;6;6;6;6
"Velid";43;40;45;44;44;44
"Velija";9;8;9;8;7;8
"Velimir";197;197;198;193;195;199
"Veliša";5;5;6;6;6;6
"Velizar";7;5;6;6;6;7
"Veljko";215;215;215;219;220;224
"Velko";23;24;24;25;25;25
"Ven";5;6;6;6;6;7
"Vencel";16;16;16;16;16;15
"Vencelj";18;18;18;17;17;17
"Venceslav";204;196;189;184;174;169
"Vencl";5;5;5;5;5;5
"Venco";10;12;14;12;13;11
"Venèeslav";406;398;390;381;368;363
"Vendel";33;31;31;31;30;29
"Venhar";-;-;-;5;5;-
"Venko";6;6;8;6;6;7
"Veno";24;27;29;34;34;37
"Ventso";-;-;-;-;-;5
"Veprim";-;-;-;-;-;5
"Verner";22;21;21;21;21;22
"Vernes";22;21;25;25;23;21
"Veroljub";7;7;9;9;9;9
"Veron";6;6;6;6;7;7
"Vesel";22;21;23;20;21;19
"Veselin";47;44;47;46;48;47
"Veseljko";31;34;35;35;33;34
"Veselko";45;40;43;42;42;42
"Vesko";9;8;8;8;9;9
"Veso";6;6;6;6;6;6
"Veton";20;23;23;22;23;22
"Viacheslav";-;-;-;-;-;5
"Vicko";7;8;8;8;8;7
"Victor";12;16;16;18;17;17
"Vid";2087;2242;2377;2524;2690;2835
"Vidak";6;6;7;7;7;7
"Vidan";6;5;7;7;6;5
"Vide";11;11;11;11;11;11
"Vidko";32;30;29;28;28;27
"Vido";80;80;79;78;77;76
"Vidoje";16;17;16;16;16;16
"Vidomir";8;8;9;9;9;8
"Vidosav";16;16;16;15;14;13
"Vidoslav";6;8;8;8;8;7
"Vik";5;7;7;7;7;7
"Viki";33;33;33;33;33;33
"Viko";12;12;12;12;12;12
"Viktor";3314;3224;3166;3086;3021;2957
"Viktorin";8;7;7;7;7;7
"Vildan";6;7;10;12;14;14
"Vilhelm";15;15;15;15;15;15
"Vili";575;572;569;568;566;566
"Viliam";7;6;6;5;6;7
"Vilibald";180;179;169;164;162;154
"Vilijam";7;7;7;7;7;7
"Vilijan";6;6;6;6;6;6
"Vilijem";41;42;42;42;42;42
"Vilim";45;43;43;43;40;39
"Viljam";10;10;9;10;10;11
"Viljan";29;29;29;29;29;29
"Viljem";1762;1740;1716;1679;1639;1596
"Vilko";404;399;399;393;389;385
"Vincenc";1760;1709;1644;1593;1538;1473
"Vincenc Jožef";5;5;5;5;5;5
"Vincencij";527;506;477;456;418;398
"Vincent";9;11;9;11;12;14
"Vinko";3422;3349;3293;3234;3178;3129
"Vinko Marjan";5;5;5;5;5;5
"Virgil";5;5;6;6;5;5
"Virgilij";27;26;24;24;24;24
"Visar";33;35;45;40;37;40
"Vit";17;17;19;21;22;25
"Vital";47;48;52;51;52;51
"Vitalij";5;5;-;-;-;5
"Vitaliy";7;6;7;6;6;5
"Vitan";34;40;53;66;86;101
"Vitja";38;39;42;43;46;54
"Vitjan";24;25;28;29;30;32
"Vitko";57;57;57;57;58;56
"Vito";537;560;593;629;669;721
"Vitodrag";17;17;17;17;17;17
"Vitomil";10;10;11;11;12;12
"Vitomir";300;300;297;294;292;294
"Vitoslav";19;19;19;19;19;19
"Vittorio";7;7;7;8;8;8
"Vjekoslav";194;188;191;181;180;170
"Vjeran";5;-;-;-;6;6
"Vlada";9;9;11;11;13;13
"Vladan";65;72;75;68;76;83
"Vlade";32;33;32;33;34;35
"Vladica";14;15;15;15;17;18
"Vladimir";5049;4975;4938;4854;4781;4703
"Vladimir Anton";5;5;5;5;5;-
"Vladimir Janez";5;5;-;-;-;-
"Vladimir Jožef";5;5;5;5;5;5
"Vladisav";5;5;5;5;5;5
"Vladislav";338;323;307;306;293;290
"Vladko";151;149;147;146;145;142
"Vlado";1314;1315;1315;1299;1294;1283
"Vlajko";17;17;18;18;18;18
"Vlastimir";44;43;42;42;43;40
"Vlasto";15;14;13;13;13;13
"Vlatko";63;67;62;63;66;68
"Vllaznim";-;6;8;8;7;8
"Voislav";10;10;10;11;11;11
"Voja";10;9;9;8;9;8
"Vojan";8;8;8;8;8;8
"Vojèo";6;7;7;6;6;-
"Vojeslav";9;9;8;7;7;7
"Vojimir";-;-;5;5;5;5
"Vojin";60;56;56;55;52;52
"Vojislav";193;188;189;187;188;185
"Vojkan";13;13;14;13;12;13
"Vojko";2065;2053;2045;2025;2008;1987
"Vojmir";63;60;60;59;58;56
"Vojo";43;45;44;42;41;41
"Vojteh";90;87;85;85;82;81
"Vojtek";5;-;-;-;-;-
"Volodymyr";20;15;20;21;23;24
"Voranc";23;32;46;54;72;80
"Vujadin";26;26;29;31;31;31
"Vujica";7;5;5;5;5;5
"Vujo";9;9;10;9;9;9
"Vuk";16;16;23;27;28;30
"Vukadin";12;13;12;13;14;14
"Vukan";5;5;5;5;5;5
"Vukašin";52;52;52;52;53;54
"Vukoje";5;-;5;5;5;5
"Vukomir";5;5;5;5;5;5
"Vukosav";10;10;10;9;7;6
"Vullnet";-;-;-;-;-;5
"Vulnet";6;8;6;6;8;9
"Zafir";6;6;6;6;6;6
"Zahid";86;80;86;85;84;86
"Zahir";23;20;26;24;24;25
"Zaim";85;84;85;85;83;82
"Zajim";38;37;39;38;37;39
"Zak";7;7;7;11;12;14
"Zakir";13;13;13;12;12;12
"Zal";16;23;24;25;30;31
"Zan";5;5;5;6;7;7
"Zarif";32;34;34;34;33;33
"Zarije";-;5;5;-;-;-
"Zarjo";5;5;5;5;5;5
"Zarko";5;-;-;-;-;-
"Zaviša";6;5;5;6;7;7
"Zdenko";1283;1276;1267;1256;1249;1238
"Zdravko";2750;2726;2703;2670;2639;2606
"Zdravko Valentin";15;14;13;12;12;12
"Zedin";-;6;5;-;-;-
"Zehrudin";37;34;41;44;38;40
"Zejnil";9;8;8;8;8;7
"Zejnula";-;5;5;5;-;-
"Zekerija";9;8;8;8;8;8
"Zekerijah";5;7;7;8;7;5
"Zekir";14;13;13;10;9;8
"Zekirija";5;-;5;5;5;5
"Zemir";29;30;31;28;32;30
"Zemri";8;9;9;9;9;9
"Zen";-;-;-;5;6;5
"Zenel";24;24;22;26;24;23
"Zeni";5;6;6;6;6;6
"Zeno";6;7;7;7;7;7
"Zenun";6;6;7;7;8;7
"Zeæir";13;9;10;9;7;7
"Zeqir";20;26;27;28;27;27
"Zhan";-;-;-;-;-;5
"Zharko";5;-;-;-;6;-
"Zhivko";6;7;14;13;16;18
"Ziad";-;-;-;5;5;5
"Ziber";8;7;-;6;5;5
"Zihnija";12;8;8;10;10;9
"Zija";7;5;5;6;5;-
"Zijad";224;227;246;242;242;242
"Zijadin";5;-;-;5;5;5
"Zijo";6;5;6;7;8;8
"Zikret";47;42;43;44;43;43
"Zikrija";14;16;18;17;16;17
"Zilhad";12;13;15;16;16;16
"Zinaid";7;7;7;8;7;7
"Zinet";5;-;6;6;5;5
"Zirhad";6;-;6;6;6;-
"Zlatan";124;133;139;135;134;134
"Zlate";8;7;8;9;8;8
"Zlatibor";9;9;9;8;8;8
"Zlatko";2462;2462;2461;2433;2435;2410
"Zlato";26;26;26;26;25;26
"Zlatomir";20;18;18;17;16;16
"Zmago";298;298;294;293;289;287
"Zmagomir";10;10;10;10;10;10
"Zmagoslav";155;155;153;152;148;146
"Zoki";5;5;-;-;-;5
"Zoltan";130;127;127;121;118;118
"Zoltán";-;-;-;6;5;8
"Zoran";3794;3794;3877;3834;3830;3856
"Zorancho";-;-;5;7;10;11
"Zoranèo";15;13;14;12;9;9
"Zore";6;7;6;6;6;5
"Zorislav";16;15;15;13;13;12
"Zorko";124;123;121;118;116;116
"Zoro";11;10;10;10;9;9
"Zsolt";7;8;8;7;7;8
"Zuhdija";183;187;191;191;186;183
"Zulfi";5;-;-;-;5;5
"Zulfo";5;-;6;6;7;6
"Zumret";-;-;5;-;-;-
"Zvezdan";105;104;107;107;107;106
"Zvjezdan";5;5;5;5;5;5
"Zvone";112;110;111;112;113;113
"Zvonimir";653;636;632;622;615;604
"Zvonimir Anton";7;7;7;7;7;6
"Zvonko";2774;2748;2733;2717;2691;2673
"Zvonko Anton";8;7;7;7;7;7
"Zymer";14;15;14;13;13;13
"Žak";231;252;274;300;323;357
"Žan";4584;4832;5072;5303;5550;5766
"Žan Jan";7;6;6;6;6;6
"Žan Luka";82;89;98;104;114;127
"Žan Mark";16;16;18;19;22;26
"Žan Martin";-;-;-;-;5;5
"Žan Žak";8;9;9;9;9;9
"Žane";26;26;26;26;26;27
"Žanej";-;-;5;6;6;8
"Žani";18;19;19;19;18;18
"Žanluka";-;-;-;-;-;5
"Žare";7;8;8;7;7;8
"Žarko";648;646;650;650;639;632
"Žaro";6;6;6;6;6;6
"Želimir";60;60;66;64;65;67
"Željan";5;5;6;6;7;7
"Željko";1759;1771;1821;1806;1799;1816
"Željomir";5;-;5;-;-;5
"Želko";24;23;23;22;22;22
"Žiga";5687;5939;6158;6408;6638;6826
"Žika";11;12;13;12;11;12
"Žiko";11;11;12;10;10;10
"Živadin";12;13;13;12;12;12
"Živan";47;45;47;49;50;48
"Živko";338;330;335;319;311;311
"Živojin";88;86;88;85;86;83
"Živorad";68;65;66;66;64;65
"Života";20;18;17;17;15;15
"Walter";40;43;45;49;49;46
"Æamil";64;59;61;59;59;55
"Qamil";16;18;22;20;20;20
"Ðani";24;25;26;26;26;26
"Yannick";-;-;5;5;5;5
"Yaroslav";6;-;6;7;6;9
"Æazim";88;90;91;86;83;83
"Qazim";17;22;22;19;21;21
"Wei";-;-;5;9;8;6
"Qemajl";6;8;9;9;10;11
"Æemal";7;6;5;5;5;5
"Ðemal";22;24;24;29;30;29
"Qemal";-;-;5;-;5;6
"Ðemil";-;-;5;5;5;5
"Ðenan";-;-;-;-;5;5
"Qendrim";15;17;22;21;21;22
"Æerim";10;9;11;9;10;10
"Qerim";18;17;17;14;14;14
"Werner";17;20;20;19;19;20
"Ðerð";6;5;6;5;-;-
"Ðevad";37;36;42;39;41;42
"Xhafer";16;17;19;18;19;20
"Xhavit";31;35;43;40;42;42
"Xheladin";13;13;11;13;11;12
"Xhelal";14;12;21;17;19;19
"Xhelil";7;8;8;8;7;6
"Xhemail";6;5;7;-;-;-
"Xhemajl";20;22;24;24;23;25
"Xhemajli";8;-;6;6;7;7
"Xhemal";-;-;5;-;-;-
"Xheme";-;-;5;5;5;-
"Xhevat";32;33;32;23;22;25
"Xhevdet";25;27;30;28;33;36
"Xhevxhet";5;5;6;5;5;5
"Xiaowei";5;-;6;6;6;6
"William";9;8;9;9;9;12
"Ðino";17;17;16;16;16;16
"Ylber";12;11;16;15;17;18
"Ylli";-;-;-;-;-;7
"Ðoko";20;21;22;22;22;23
"Wolfgang";12;12;13;13;12;12
"Yonche";-;-;-;-;-;6
"Yong";-;-;-;5;5;6
"Ðoni";10;9;9;9;9;7
"Ðorða";7;8;7;7;6;6
"Ðorðe";139;142;159;163;167;179
"Ðorði";8;8;7;7;6;6
"Ðorðija";9;8;9;9;9;9
"Ðorðije";5;5;6;7;5;5
"Ðorðo";69;70;72;69;67;67
"Yovan";-;-;-;5;5;5
"Árpád";-;8;8;8;8;8
"Ðulaga";27;28;27;27;25;23
"Ðura";8;9;7;7;6;6
"Ðurað";29;29;26;28;29;30
"Ðurica";8;7;8;8;9;9
"Yuriy";9;11;10;11;11;11
"Ðuro";201;200;203;202;201;197
"Yury";-;-;5;6;6;10
